,name,smiles,predicted_activity(log10)
10797,NAFAMOSTAT,NC(N)=Nc1ccc(cc1)C(=O)Oc1cc2ccc(cc2cc1)C(N)=N,2.797827307744368
2928,RWJ-51084,NC(N)=NCCC[C@H](NC(=O)C1CCCC1)C(=O)c1[n]c2ccccc2[s]1,2.4991904453182654
2513,RWJ-56423,CC(=O)N1C[C@H](O)C[C@H]1C(=O)N[C@@H](CCCN=C(N)N)C(=O)c1[n]c2ccccc2[s]1,2.365654243861116
10749,CAMOSTAT,CN(C)C(=O)COC(=O)Cc1ccc(cc1)OC(=O)c1ccc(cc1)N=C(N)N,2.2129636960923538
6887,"1-[(4S)-4-AMINO-5-(1,3-BENZOTHIAZOL-2-YL)-5-OXOPENTYL]GUANIDINE",NC(=N)NCCC[C@H](N)C(=O)c1[n]c2ccccc2[s]1,1.9748413109031233
10789,RWJ-58643,CC(=O)N1C[C@H](O)C[C@H]1C(=O)NC(CCCNC(N)=N)C(=O)c1[n]c2ccccc2[s]1,1.959520860476965
3415,N-(1-ADAMANTYL)-N'-(4-GUANIDINOBENZYL)UREA,NC(N)=Nc1ccc(CNC(=O)NC23CC4CC(C2)CC(C3)C4)cc1,1.3209395228708558
12704,CAMOSTAT-MESILATE,CN(C)C(=O)COC(=O)Cc1ccc(cc1)OC(=O)c1ccc(cc1)NC(N)=N,1.2377237803782553
10855,TO-195,NC(=N)c1cc2ccc(cc2cc1)OC(=O)c1ccc(CNC(=O)CCCC(O)=O)o1,1.2357288411647058
15066,GEPON,CC(C)[C@@H](NC(=O)C(NC(=O)[C@@H](CCC(O)=O)NC(=O)[C@H](CCCNC(N)=N)NC(=O)C(CCCNC(N)=N)NC(=O)C(CCCCN)NC(=O)[C@@H](CCCCN)NC(=O)C(CCC(O)=O)NC(=O)[C@H](N)C(C)O)C(C)O)C(=O)N[C@H](CCC(O)=O)C(=O)NC(CCCNC(N)=N)C(=O)N[C@@H](CCC(O)=O)C(=O)NC(CCCCN)C(=O)N[C@@H](CCC(O)=O)C(O)=O,1.232370309067072
19603,SUBSTANCE-P,CC(C)C[C@H](NC(=O)CNC(=O)[C@H](Cc1ccccc1)NC(=O)[C@H](Cc1ccccc1)NC(=O)[C@H](CCC(N)=O)NC(=O)[C@H](CCC(N)=O)NC(=O)[C@@H]1CCCN1C(=O)[C@H](CCCCN)NC(=O)[C@@H]1CCCN1C(=O)[C@@H](N)CCCNC(N)=N)C(=O)N[C@@H](CCSC)C(N)=O,1.2149715253425994
4631,CZEN 002,CC(=O)N[C@@H](CO)C(=O)N[C@@H](Cc1ccc(O)cc1)C(=O)N[C@@H](CO)C(=O)N[C@@H](CCSC)C(=O)N[C@@H](CCC(O)=O)C(=O)NC(Cc1c[n]c[nH]1)C(=O)N[C@@H](Cc1ccccc1)C(=O)N[C@@H](CCCNC(N)=N)C(=O)N[C@@H](Cc1c[nH]c2ccccc12)C(=O)NCC(=O)N[C@@H](CCCCN)C(=O)N1CCC[C@H]1C(=O)N[C@@H](C(C)C)C(N)=O,1.1994448943922882
15506,ICATIBANT-ACETATE,N[C@H](CCCNC(N)=N)C(=O)N[C@@H](CCCNC(N)=N)C(=O)N1CCC[C@H]1C(=O)N1C[C@H](O)C[C@H]1C(=O)NCC(=O)N[C@@H](Cc1ccc[s]1)C(=O)N[C@@H](CO)C(=O)N1Cc2ccccc2C[C@@H]1C(=O)N1[C@H]2CCCC[C@H]2C[C@H]1C(=O)N[C@@H](CCCNC(N)=N)C(O)=O,1.19610628711985
10549,MODIMELANOTIDE,CC(=O)N[C@@H](CCCCN)C(=O)N[C@@H](CCCCN)C(=O)N[C@@H](CCCCN)C(=O)N[C@@H](CCCCN)C(=O)N[C@@H](CCCCN)C(=O)N[C@@H](CCCCN)C(=O)N[C@@H](CO)C(=O)N[C@@H](Cc1ccc(O)cc1)C(=O)N[C@@H](CO)C(=O)N[C@@H](CCSC)C(=O)N[C@@H](CCC(O)=O)C(=O)N[C@@H](Cc1c[nH]c[n]1)C(=O)N[C@@H](Cc1ccccc1)C(=O)N[C@@H](CCCNC(N)=N)C(=O)N[C@@H](Cc1c[nH]c2ccccc12)C(=O)NCC(=O)N[C@@H](CCCCN)C(=O)N1CCC[C@H]1C(=O)N[C@@H](C(C)C)C(N)=O,1.166364217299653
8189,ELAMIPRETIDE,Cc1cc(O)cc(C)c1C[C@H](NC(=O)[C@H](N)CCCNC(N)=N)C(=O)N[C@@H](CCCCN)C(=O)N[C@@H](Cc1ccccc1)C(N)=O,1.1632755269394037
3985,AERUGINOSIN 98-B,C[C@H](CC)[C@@H](NC(=O)[C@H](O)Cc1ccc(O)cc1)C(=O)N1[C@H]2C[C@@H](CC[C@H]2C[C@H]1C(=O)NCCCCN=C(N)N)OS(O)(=O)=O,1.156904582925474
20508,U-75799E,C[C@H](NC(=O)[C@@H](Cc1c[nH]c2ccccc12)NC(=O)[C@@H](N)Cc1c[n]c[nH]1)C(=O)N[C@@H](Cc1c[nH]c2ccccc12)C(=O)N[C@H](Cc1ccccc1)C(=O)N[C@@H](CCCCN)C(N)=O,1.1567617657667344
4479,AFAMELANOTIDE,CC(=O)N[C@@H](CO)C(=O)N[C@@H](Cc1ccc(O)cc1)C(=O)N[C@@H](CO)C(=O)N[C@@H](CCCC)C(=O)N[C@@H](CCC(O)=O)C(=O)N[C@@H](Cc1c[n]c[nH]1)C(=O)N[C@H](Cc1ccccc1)C(=O)N[C@@H](CCCNC(N)=N)C(=O)N[C@@H](Cc1c[nH]c2ccccc12)C(=O)NCC(=O)N[C@@H](CCCCN)C(=O)N1CCC[C@H]1C(=O)N[C@@H](C(C)C)C(N)=O,1.1462880426349247
5429,2-[2-(4-CHLORO-PHENYLSULFANYL)-ACETYLAMINO]-3-(4-GUANIDINO-PHENYL)-PROPIONAMIDE,NC(N)=Nc1ccc(CC(NC(=O)CSc2ccc(Cl)cc2)C(N)=O)cc1,1.145147572104593
4725,"SAR9, MET (O2)11-SUBSTANCE P",CN(CC(=O)N[C@@H](CC(C)C)C(=O)N[C@@H](CCS(C)(=O)=O)C(N)=O)C(=O)[C@H](Cc1ccccc1)NC(=O)[C@H](Cc1ccccc1)NC(=O)[C@H](CCC(N)=O)NC(=O)[C@H](CCC(N)=O)NC(=O)[C@@H]1CCCN1C(=O)[C@H](CCCCN)NC(=O)[C@@H]1CCCN1C(=O)[C@@H](N)CCCNC(N)=N,1.1447039113317652
2434,DELTA-2-ALBOMYCIN A1,CN1/C(/C=CN([C@@H]2S[C@H]([C@H](O)[C@@H](NC(=O)[C@H](CO)NC(=O)[C@@H]3CCCN4O[Fe-3]567(ON(CCC[C@@H](N)C(=O)N[C@H](CCCN(O5)C(C)=[O+]6)C(=O)N3)C(C)=[O+]7)[O+]=C4C)C(O)=O)[C@@H](O)[C@@H]2O)C1=O)=N\C(N)=O,1.1394169068571536
7973,BOMBESIN,C[C@H](NC(=O)[C@H](Cc1c[nH]c2ccccc12)NC(=O)[C@H](CCC(N)=O)NC(=O)[C@H](CC(N)=O)NC(=O)CNC(=O)[C@H](CC(C)C)NC(=O)[C@H](CCCNC(N)=N)NC(=O)[C@H](CCC(N)=O)NC(=O)[C@@H]1CCC(=O)N1)C(=O)N[C@@H](C(C)C)C(=O)NCC(=O)N[C@@H](Cc1c[nH]c[n]1)C(=O)N[C@@H](CC(C)C)C(=O)N[C@@H](CCSC)C(N)=O,1.129982597092518
14604,EXAMORELIN,Cc1[nH]c2ccccc2c1C[C@@H](NC(=O)[C@@H](N)Cc1c[n]c[nH]1)C(=O)N[C@@H](C)C(=O)N[C@@H](Cc1c[nH]c2ccccc12)C(=O)N[C@H](Cc1ccccc1)C(=O)N[C@@H](CCCCN)C(N)=O,1.125476618080234
5154,TRIPTORELIN,CC(C)C[C@H](NC(=O)[C@@H](Cc1c[nH]c2ccccc12)NC(=O)[C@H](Cc1ccc(O)cc1)NC(=O)[C@H](CO)NC(=O)[C@H](Cc1c[nH]c2ccccc12)NC(=O)[C@H](Cc1c[nH]c[n]1)NC(=O)[C@@H]1CCC(=O)N1)C(=O)N[C@@H](CCCNC(N)=N)C(=O)N1CCC[C@H]1C(=O)NCC(N)=O,1.121105064242993
16096,LEUPROLIDE,CCNC(=O)[C@@H]1CCCN1C(=O)[C@H](CCCNC(N)=N)NC(=O)[C@H](CC(C)C)NC(=O)[C@@H](CC(C)C)NC(=O)[C@H](Cc1ccc(O)cc1)NC(=O)[C@H](CO)NC(=O)[C@H](Cc1c[nH]c2ccccc12)NC(=O)[C@H](Cc1c[nH]c[n]1)NC(=O)[C@@H]1CCC(=O)N1,1.1196060380775437
2,GOSERELIN,CC(C)C[C@H](NC(=O)[C@@H](COC(C)(C)C)NC(=O)[C@H](Cc1ccc(O)cc1)NC(=O)[C@H](CO)NC(=O)[C@H](Cc1c[nH]c2ccccc12)NC(=O)[C@H](Cc1c[n]c[nH]1)NC(=O)[C@@H]1CCC(=O)N1)C(=O)N[C@@H](CCCN=C(N)N)C(=O)N1CCC[C@H]1C(=O)NNC(N)=O,1.112921957659042
7961,ACETYL HEXAPEPTIDE-3,CC(=O)N[C@@H](CCC(O)=O)C(=C)N[C@@H](CCC(O)=O)C(=O)N[C@@H](CCSC)C(=O)N[C@@H](CCC(N)=O)C(=O)N[C@@H](CCCNC(N)=N)C(=O)N[C@@H](CCCNC(N)=N)C(N)=O,1.1124736779400306
7825,DESLORELIN,CC(C)C[C@H](NC(=O)[C@@H](Cc1c[nH]c2ccccc12)NC(=O)[C@H](Cc1ccc(O)cc1)NC(=O)[C@H](CO)NC(=O)[C@H](Cc1c[nH]c2ccccc12)NC(=O)[C@H](Cc1c[nH]c[n]1)NC(=O)[C@@H]1CCC(=O)N1)C(=O)N[C@@H](CCCNC(N)=N)C(=O)N1CCC[C@H]1C(=O)NCC,1.0810817507844654
10811,BCX-170,NC(=N)c1cc2cc(ccc2[s]1)OC(=O)c1ccc[s]1,1.0762395999296042
10554,VM4-037,CC(C)[C@@H](C(=O)N[C@@H](Cc1ccc(cc1)OCCF)C(O)=O)[n]1cc(COc2ccc3[n]c([s]c3c2)S(N)(=O)=O)[n][n]1,1.056917105002905
15136,GOSERELIN-ACETATE,CC(C)C[C@H](NC(=O)[C@@H](COC(C)(C)C)NC(=O)[C@H](Cc1ccc(O)cc1)NC(=O)[C@H](CO)NC(=O)[C@H](Cc1c[nH]c2ccccc21)NC(=O)[C@H](Cc1c[nH]c[n]1)NC(=O)[C@@H]1CCC(=O)N1)C(=O)N[C@@H](CCCNC(N)=N)C(=O)N1CCC[C@H]1C(=O)NNC(N)=O,1.0441029076766029
5192,6-CARBAMIMIDOYL-2-[2-HYDROXY-5-(3-METHOXY-PHENYL)-INDAN-1-YL]-HEXANOIC ACID,COc1cccc(c1)-c1cc2C[C@H](O)[C@@H]([C@@H](CCCCC(N)=N)C(O)=O)c2cc1,1.0308881211560197
7893,DEPREOTIDE,CC(C)[C@@H]1NC(=O)[C@H](CCCCN)NC(=O)[C@@H](Cc2c[nH]c3ccccc23)NC(=O)[C@H](Cc2ccc(O)cc2)NC(=O)[C@H](Cc2ccccc2)N(C)C(=O)[C@H](CCSCC(=O)NC[C@H](N)C(=O)N[C@@H](CCCCN)C(=O)N[C@@H](CS)C(=O)N[C@@H](CCCCN)C(N)=O)NC1=O,1.014654750001223
10577,PL-3994,CC[C@H](C)[C@@H]1NC(=O)[C@H](CCCNC(N)=N)NC(=O)[C@H](CC(O)=O)NC(=O)[C@@H](CCCC)NC(=O)[C@H](CCCNC(N)=N)NC(=O)CNC(=O)[C@@H](C)NC(=O)[C@H](Cc2ccccc2)NC(=O)[C@H](Cc2c[nH]c[n]2)NC(=O)[C@@H](CSSC[C@H](NC(=O)[C@H](CO)NC1=O)C(=O)N[C@@H](Cc1ccc(O)cc1)C(=O)N1C[C@@H](NC(=O)[C@@H]1CCCNC(N)=N)C(N)=O)NC(=O)CCCCCC,1.0026539526013498
8904,ETELCALCETIDE,CC(=O)N[C@H](CSSC[C@H](N)C(O)=O)C(=O)N[C@H](C)C(=O)N[C@H](CCCNC(N)=N)C(=O)N[C@H](CCCNC(N)=N)C(=O)N[C@H](CCCNC(N)=N)C(=O)N[C@H](C)C(=O)N[C@H](CCCNC(N)=N)C(N)=O,0.9959171840442279
10244,AVEXITIDE,CC[C@H](C)[C@H](NC(=O)[C@H](Cc1ccccc1)NC(=O)[C@H](CC(C)C)NC(=O)[C@H](CCCNC(N)=N)NC(=O)[C@@H](NC(=O)[C@H](C)NC(=O)[C@H](CCC(O)=O)NC(=O)[C@H](CCC(O)=O)NC(=O)[C@H](CCC(O)=O)NC(=O)[C@H](CCSC)NC(=O)[C@@H](CCC(N)=O)NC(=O)[C@H](CCCCN)NC(=O)[C@H](CO)NC(=O)[C@H](CC(C)C)NC(=O)[C@@H](N)CC(O)=O)C(C)C)C(=O)N[C@@H](CCC(O)=O)C(=O)N[C@@H](Cc1c[nH]c2ccccc12)C(=O)N[C@@H](CC(C)C)C(=O)N[C@@H](CCCCN)C(=O)N[C@@H](CC(N)=O)C(=O)NCC(=O)NCC(=O)N1CCC[C@H]1C(=O)N[C@@H](CO)C(=O)N[C@@H](CO)C(=O)NCC(=O)N[C@@H](C)C(=O)N1CCC[C@H]1C(=O)N1CCC[C@H]1C(=O)N1CCC[C@H]1C(=O)N[C@@H](CO)C(N)=O,0.9933311511014005
1747,(4S)-5-[[(1S)-1-CARBOXY-2-CYCLOHEXYLETHYL]AMINO]-4-[[(2S)-2-[[(3R)-4-CYCLOHEXYL-2-OXO-3-(PHENYLMETHOXYCARBONYLAMINO)BUTANOYL]AMINO]-5-(DIAMINOMETHYLIDENEAMINO)PENTANOYL]AMINO]-5-OXOPENTANOIC ACID,NC(N)=NCCC[C@H](NC(=O)C(=O)[C@@H](CC1CCCCC1)NC(=O)OCc1ccccc1)C(=O)N[C@@H](CCC(O)=O)C(=O)N[C@@H](CC1CCCCC1)C(O)=O,0.991881893266755
10809,ONO-3307,NC(=N)Nc1ccc(cc1)C(=O)Oc1ccc(cc1)S(N)(=O)=O,0.9877065539771541
10746,CU-2010,NC(=N)c1ccc(CNC(=O)[C@H](Cc2cc(CN)ccc2)NC(=O)[C@@H](CCCc2ccccc2)NS(=O)(=O)Cc2cc(ccc2)C(O)=O)cc1,0.9848971143683106
14255,EG00229,NC(=N)NCCC[C@H](NC(=O)c1[s]ccc1NS(=O)(=O)c1cccc2[n][s][n]c21)C(O)=O,0.9807868319865292
15135,GONADORELIN,CC(C)C[C@H](NC(=O)CNC(=O)[C@H](Cc1ccc(O)cc1)NC(=O)[C@H](CO)NC(=O)[C@H](Cc1c[nH]c2ccccc21)NC(=O)[C@H](Cc1c[nH]c[n]1)NC(=O)[C@@H]1CCC(=O)N1)C(=O)N[C@@H](CCCNC(N)=N)C(=O)N1CCC[C@H]1C(=O)NCC(N)=O,0.9802039720264824
13685,DALARGIN,CC(C)CC(NC(=O)C(Cc1ccccc1)NC(=O)CNC(=O)[C@H](C)NC(=O)C(N)Cc1ccc(O)cc1)C(=O)N[C@H](CCCNC(N)=N)C(O)=O,0.978368025973381
4337,N-[1-(4-CARBAMIMIDOYL-BENZYLCARBAMOYL)-3-METHYLSULFANYL-PROPYL]-3-HYDROXY-2-PROPOXYAMINO-BUTYRAMID,C[C@H](O)[C@@H](NS(=O)(=O)CCC)C(=O)N[C@@H](CCSC)C(=O)NCc1ccc(cc1)C(N)=N,0.9700841403957696
4269,TRANS-4-(GUANIDINOMETHYL)-CYCLOHEXANE-L-YL-D-3-CYCLOHEXYLALANYL-L-AZETIDINE-2-YL-D-TYROSINYL-L-HOMOARGININAMIDE,NC(=O)[C@H](CCCCN=C(N)N)NC(=O)[C@@H](Cc1ccc(O)cc1)NC(=O)[C@@H]1CCN1C(=O)[C@@H](CC1CCCCC1)NC(=O)[C@@H]1CC[C@H](CN=C(N)N)CC1,0.9634401587331596
8735,NONA-ARGININE,N[C@@H](CCCNC(N)=N)C(=O)N[C@@H](CCCNC(N)=N)C(=O)N[C@@H](CCCNC(N)=N)C(=O)N[C@@H](CCCNC(N)=N)C(=O)N[C@@H](CCCNC(N)=N)C(=O)N[C@@H](CCCNC(N)=N)C(=O)N[C@@H](CCCNC(N)=N)C(=O)N[C@@H](CCCNC(N)=N)C(=O)N[C@@H](CCCNC(N)=N)C(O)=O,0.9574594581069303
4329,2-[2-ETHANESULFONYLAMINO-3-(1H-INDOL-3-YL)-PROPIONYLAMINO]-PENTANEDIOIC ACID 5-AMIDE 1-(4-CARBAMIM IDOYL-BENZYLAMIDE),CCS(=O)(=O)N[C@H](Cc1c[nH]c2ccccc21)C(=O)N[C@@H](CCC(N)=O)C(=O)NCc1ccc(cc1)C(N)=N,0.9571748870917556
17613,ORPHANIN-FQ,CC(C)C[C@H](NC(=O)[C@H](CCCCN)NC(=O)[C@H](CCCNC(N)=N)NC(=O)[C@H](C)NC(=O)[C@H](CO)NC(=O)[C@H](CCCCN)NC(=O)[C@H](CCCNC(N)=N)NC(=O)[C@H](C)NC(=O)CNC(=O)[C@@H](NC(=O)[C@H](Cc1ccccc1)NC(=O)CNC(=O)CNC(=O)[C@@H](N)Cc1ccccc1)[C@@H](C)O)C(=O)N[C@@H](C)C(=O)N[C@@H](CC(N)=O)C(=O)N[C@@H](CCC(N)=O)C(O)=O,0.9508899605063532
6,VASOPRESSIN,NC(N)=NCCCC(NC(=O)C1CCCN1C(=O)C1CSSCC(N)C(=O)NC(Cc2ccc(O)cc2)C(=O)NC(Cc2ccccc2)C(=O)NC(CCC(N)=O)C(=O)NC(CC(N)=O)C(=O)N1)C(=O)NCC(N)=O.NCCCCC(NC(=O)C1CCCN1C(=O)C1CSSCC(N)C(=O)NC(Cc2ccc(O)cc2)C(=O)NC(Cc2ccccc2)C(=O)NC(CCC(N)=O)C(=O)NC(CC(N)=O)C(=O)N1)C(=O)NCC(N)=O,0.9442464945313467
1143,TETRACOSACTIDE,CSCC[C@H](NC(=O)[C@H](CO)NC(=O)[C@H](Cc1ccc(O)cc1)NC(=O)[C@@H](N)CO)C(=O)N[C@@H](CCC(O)=O)C(=O)N[C@@H](Cc1c[n]c[nH]1)C(=O)N[C@@H](Cc1ccccc1)C(=O)N[C@@H](CCCNC(N)=N)C(=O)N[C@@H](Cc1c[nH]c2ccccc12)C(=O)NCC(=O)N[C@@H](CCCCN)C(=O)N1CCC[C@H]1C(=O)N[C@@H](C(C)C)C(=O)NCC(=O)N[C@@H](CCCCN)C(=O)N[C@@H](CCCCN)C(=O)N[C@@H](CCCNC(N)=N)C(=O)N[C@@H](CCCNC(N)=N)C(=O)N1CCC[C@H]1C(=O)N[C@@H](C(C)C)C(=O)N[C@@H](CCCCN)C(=O)N[C@@H](C(C)C)C(=O)N[C@@H](Cc1ccc(O)cc1)C(=O)N1CCC[C@H]1C(O)=O,0.9330371800070121
8789,LTX-109,CC(C)(C)c1[nH]c2c(cc(cc2c1C[C@H](NC(=O)[C@@H](N)CCCNC(N)=N)C(=O)N[C@@H](CCCNC(N)=N)C(=O)NCCc1ccccc1)C(C)(C)C)C(C)(C)C,0.9239769279266621
10827,SZ-042,Cc1[n]c(N)c2cc(ccc2[n]1)-[n]1[n]c(cc1C(=O)Nc1ccc(cc1F)-c1ccccc1S(N)(=O)=O)C(F)(F)F,0.9166544307726583
9024,CIBINETIDE,C[C@H](NC(=O)[C@H](CCCNC(N)=N)NC(=O)[C@H](CCC(O)=O)NC(=O)[C@H](CC(C)C)NC(=O)[C@H](CCC(N)=O)NC(=O)[C@H](CCC(O)=O)NC(=O)[C@@H]1CCC(=O)N1)C(=O)N[C@@H](CC(C)C)C(=O)N[C@@H](CC(N)=O)C(=O)N[C@@H](CO)C(=O)N[C@@H](CO)C(O)=O,0.9114968071438764
11386,ALARELIN,CC(C)C[C@H](NC(=O)[C@@H](C)NC(=O)[C@H](Cc1ccc(O)cc1)NC(=O)[C@H](CO)NC(=O)[C@H](Cc1c[nH]c2ccccc12)NC(=O)[C@H](Cc1c[n]c[nH]1)NC(=O)[C@@H]1CCC(=O)N1)C(=O)N[C@@H](CCCNC(N)=N)C(=O)N1CCC[C@H]1C(=O)NCC,0.9097102445963453
5125,HISTRELIN,CC(C)C[C@H](NC(=O)[C@@H](Cc1c[n](Cc2ccccc2)c[n]1)NC(=O)[C@H](Cc1ccc(O)cc1)NC(=O)[C@H](CO)NC(=O)[C@H](Cc1c[nH]c2ccccc21)NC(=O)[C@H](Cc1c[nH]c[n]1)NC(=O)[C@@H]1CCC(=O)N1)C(=O)N[C@@H](CCCNC(N)=N)C(=O)N1CCC[C@H]1C(=O)NCC.CC(O)=O.CC(O)=O,0.9055048072789412
11708,ANTAGONIST-G,CC(C)C[C@H](NC(=O)[C@@H](Cc1c[nH]c2ccccc21)NC(=O)[C@H](Cc1ccccc1)N(C)C(=O)[C@@H](Cc1c[nH]c2ccccc12)NC(=O)[C@@H](N)CCCNC(N)=N)C(=O)N[C@@H](CCSC)C(N)=O,0.8907305743482447
2455,DIAMINO-N-[(4S)-5-ANILINO-4-{[(2S)-2-{[(1R)-1-CARBOXYETHYL]AMINO}-4-PHENYLBUTANOYL]AMINO}-5-OXOPENTYL]METHANIMINIUM,C[C@@H](N[C@@H](CCc1ccccc1)C(=O)N[C@@H](CCC[NH+]=C(N)N)C(=O)Nc1ccccc1)C(O)=O,0.8862766929968175
5104,SARALASIN,C[C@H](NC(=O)[C@@H]1CCCN1C(=O)[C@H](Cc1c[n]c[nH]1)NC(=O)[C@@H](NC(=O)[C@H](Cc1ccc(O)cc1)NC(=O)[C@@H](NC(=O)[C@H](CCCN=C(N)N)NC(=O)CNC)C(C)C)C(C)C)C(O)=O,0.8794755421734253
4171,3-({1-[3-CARBAMIMIDOYL-1-(4-CARBAMIMIDOYL-BENZYLCARBAMOYL)-PROPYLCARBAMOYL]-2-METHYL-BUTYLSULFAMOYL}-METHYL)-BENZOIC ACID,C[C@H](CC)[C@@H](NS(=O)(=O)Cc1cccc(c1)C(O)=O)C(=O)N[C@@H](CCC(N)=N)C(=O)NCc1ccc(cc1)C(N)=N,0.8725288066401394
8071,PZ-128,CC(C)C[C@H](NC(=O)[C@H](C)NC(=O)[C@H](CCCNC(N)=N)NC(=O)[C@H](CO)NC(=O)[C@H](CCCCN)NC(=O)[C@H](CCCCN)NC(=O)CCCCCCCCCCCCCCC)C(=O)N[C@@H](Cc1ccccc1)C(N)=O,0.8652285810499635
16876,MM-102,CC(C)C(=O)NC(CC)(CC)C(=O)N[C@@H](CCCNC(N)=N)C(=O)NC1(CCCC1)C(=O)NC(c1ccc(F)cc1)c1ccc(F)cc1,0.8493374310547857
4184,2-[2-ETHANESULFONYLAMINO-3-(5-PROPOXY-1H-INDOL-3-YL)-PROPIONYLAMINO]-PENTANEDIOIC ACID 5-AMIDE 1-(4-CARBAMIMIDOYL-BENZYLAMIDE),CCS(=O)(=O)N[C@H](Cc1c[nH]c2ccc(cc21)OCCC)C(=O)N[C@@H](CCC(N)=O)C(=O)NCc1ccc(cc1)C(N)=N,0.8434645506787882
16384,LYPRESSIN,N[C@H]1CSSC[C@H](NC(=O)[C@H](CC(N)=O)NC(=O)[C@H](CCC(N)=O)NC(=O)[C@H](Cc2ccccc2)NC(=O)[C@H](Cc2ccc(O)cc2)NC1=O)C(=O)N1CCC[C@H]1C(=O)N[C@@H](CCCCN)C(=O)NCC(N)=O,0.8406161819442904
9408,ORNIPRESSIN,N[C@H]1CSSC[C@H](NC(=O)[C@H](CC(N)=O)NC(=O)[C@H](CCC(N)=O)NC(=O)[C@H](Cc2ccccc2)NC(=O)[C@H](Cc2ccc(O)cc2)NC1=O)C(=O)N1CCC[C@H]1C(=O)N[C@@H](CCCN)C(=O)NCC(N)=O,0.8396470818142099
4,DESMOPRESSIN,NC(=N)NCCC[C@@H](NC(=O)[C@@H]1CCCN1C(=O)[C@@H]1CSSCCC(=O)N[C@@H](Cc2ccc(O)cc2)C(=O)N[C@@H](Cc2ccccc2)C(=O)N[C@@H](CCC(N)=O)C(=O)N[C@@H](CC(N)=O)C(=O)N1)C(=O)NCC(N)=O,0.8392448760313219
12071,BACITRACIN-ZINC,CC(C)C[C@H](NC(=O)C1CN=C(S1)[C@@H](N)[C@@H](C)CC)C(=O)N[C@@H]1CCC(=O)O[Zn]OC(=O)C[C@H]2NC(=O)[C@H](Cc3c[nH]c[n]3)NC(=O)[C@H](Cc3ccccc3)NC(=O)[C@@H](NC(=O)[C@@H](CCCN)NC(=O)[C@H](CCCCNC(=O)[C@H](CC(N)=O)NC2=O)NC(=O)[C@@H](NC1=O)[C@H](C)CC)[C@H](C)CC,0.8356802384066058
1528,N-ALPHA-(2-NAPHTHYLSULFONYL)-N(3-AMIDINO-L-PHENYLALANINYL)ISOPIPECOLINIC ACID METHYL ESTER,COC(=O)C1CCN(CC1)C(=O)[C@H](Cc1cc(ccc1)C(N)=N)NS(=O)(=O)c1cc2ccccc2cc1,0.8310578110261965
4517,ULARITIDE,CSCC[C@@H]1NC(=O)[C@H](CCCNC(N)=N)NC(=O)CNC(=O)CNC(=O)[C@H](Cc2ccccc2)NC(=O)[C@H](CSSC[C@H](NC(=O)CNC(=O)[C@H](CC(C)C)NC(=O)CNC(=O)[C@H](CO)NC(=O)[C@H](CCC(N)=O)NC(=O)[C@H](C)NC(=O)CNC(=O)[C@@H](NC(=O)[C@H](CCCNC(N)=N)NC(=O)[C@H](CC(O)=O)NC1=O)[C@@H](C)CC)C(=O)N[C@@H](CC(N)=O)C(=O)N[C@@H](CO)C(=O)N[C@@H](Cc1ccccc1)C(=O)N[C@@H](CCCNC(N)=N)C(=O)N[C@@H](Cc1ccc(O)cc1)C(O)=O)NC(=O)[C@H](CO)NC(=O)[C@H](CO)NC(=O)[C@H](CCCNC(N)=N)NC(=O)[C@H](CCCNC(N)=N)NC(=O)[C@H](CC(C)C)NC(=O)[C@H](CO)NC(=O)[C@H](CCCNC(N)=N)NC(=O)[C@@H]1CCCN1C(=O)[C@H](C)NC(=O)[C@@H](N)[C@@H](C)O,0.8292339790506881
1102,SAQUINAVIR,CC(C)(C)NC(=O)[C@@H]1C[C@@H]2CCCC[C@@H]2CN1C[C@@H](O)[C@H](Cc1ccccc1)NC(=O)[C@H](CC(N)=O)NC(=O)c1ccc2ccccc2[n]1,0.8260609680328104
19997,TERLIPRESSIN,NCCCC[C@H](NC(=O)[C@@H]1CCCN1C(=O)[C@@H]1CSSC[C@H](NC(=O)CNC(=O)CNC(=O)CN)C(=O)N[C@@H](Cc2ccc(O)cc2)C(=O)N[C@@H](Cc2ccccc2)C(=O)N[C@@H](CCC(N)=O)C(=O)N[C@@H](CC(N)=O)C(=O)N1)C(=O)NCC(N)=O,0.8218193054272674
10288,BIO-11006,CC(=O)NCC(=O)N[C@@H](C)C(=O)N[C@@H](CCC(N)=O)C(=O)N[C@@H](Cc1ccccc1)C(=O)N[C@@H](CO)C(=O)N[C@@H](CCCCN)C(=O)N[C@@H]([C@@H](C)O)C(=O)N[C@@H](C)C(=O)N[C@@H](C)C(=O)N[C@@H](CCCCN)C(O)=O,0.8164131536959391
4998,OMIGANAN,CC(C)C[C@H](NC(=O)[C@@H](N)[C@@H](C)CC)C(=O)N[C@@H](CCCNC(N)=N)C(=O)N[C@@H](Cc1c[nH]c2ccccc12)C(=O)N1CCC[C@H]1C(=O)N[C@@H](Cc1c[nH]c2ccccc12)C(=O)N[C@@H](Cc1c[nH]c2ccccc12)C(=O)N1CCC[C@H]1C(=O)N[C@@H](Cc1c[nH]c2ccccc12)C(=O)N[C@@H](CCCNC(N)=N)C(=O)N[C@@H](CCCNC(N)=N)C(=O)N[C@@H](CCCCN)C(N)=O,0.8145561498950368
10496,BRIMAPITIDE,C[C@H](O)[C@@H](NC(=O)[C@@H](CC(C)C)NC(=O)[C@@H](CC(N)=O)NC(=O)[C@@H](CC(C)C)NC(=O)[C@@H](Cc1ccccc1)NC(=O)[C@H]1CCCN1C(=O)[C@@H](CCC(N)=O)NC(=O)[C@H](NC(=O)[C@H]1CCCN1C(=O)[C@@H](CCCNC(N)=N)NC(=O)[C@@H](CO)NC(=O)[C@@H](CCC(N)=O)NC(=O)[C@H](N)CC(O)=O)C(C)C)C(=O)N[C@H]([C@H](C)O)C(=O)N1CCC[C@@H]1C(=O)N[C@H](CCCNC(N)=N)C(=O)N[C@H](CCCCN)C(=O)N1CCC[C@@H]1C(=O)N[C@H](CCCNC(N)=N)C(=O)N1CCC[C@@H]1C(=O)N1CCC[C@@H]1C(=O)N[C@H](CCCNC(N)=N)C(=O)N[C@H](CCCNC(N)=N)C(=O)N[C@H](CCCNC(N)=N)C(=O)N[C@H](CCC(N)=O)C(=O)N[C@H](CCCNC(N)=N)C(=O)N[C@H](CCCNC(N)=N)C(=O)N[C@H](CCCCN)C(=O)N[C@H](CCCCN)C(=O)N[C@H](CCCNC(N)=N)C(=O)NCC(N)=O,0.8086061381001247
9456,ANGIOTENSINAMIDE,CC(C)[C@H](NC(=O)[C@H](Cc1ccc(O)cc1)NC(=O)[C@@H](NC(=O)[C@H](CCCNC(N)=N)NC(=O)[C@@H](N)CC(N)=O)C(C)C)C(=O)N[C@@H](Cc1c[nH]c[n]1)C(=O)N1CCC[C@H]1C(=O)N[C@@H](Cc1ccccc1)C(O)=O,0.8042090187971034
4548,CR665,CCCC[C@@H](NC(=O)[C@@H](Cc1ccccc1)NC(=O)[C@H](N)Cc1ccccc1)C(=O)N[C@H](CCCNC(N)=N)C(=O)NCc1cc[n]cc1,0.7997352871818013
3783,"[2,4,6-TRIISOPROPYL-PHENYLSULFONYL-L-[3-AMIDINO-PHENYLALANINE]]-PIPERAZINE-N'-BETA-ALANINE",CC(C)c1cc(C(C)C)c(c(c1)C(C)C)S(=O)(=O)N[C@@H](Cc1cc(ccc1)C(N)=N)C(=O)N1CCN(CC1)C(=O)CCN,0.7969240386961053
8817,LTX-315,NC(=O)[C@H](CCCCN)NC(=O)[C@@H](NC(=O)[C@H](Cc1c[nH]c2ccccc12)NC(=O)[C@H](CCCCN)NC(=O)[C@H](CCCCN)NC(=O)[C@H](Cc1c[nH]c2ccccc12)NC(=O)[C@H](Cc1c[nH]c2ccccc12)NC(=O)[C@H](CCCCN)NC(=O)[C@@H](N)CCCCN)C(c1ccccc1)c1ccccc1,0.7942430313469222
12068,BACITRACIN,CC(C)C[C@H](NC(=O)C1CN=C(S1)[C@H](N)C(C)C)C(=O)N[C@H](CCC(O)=O)C(=O)N[C@@H](C(C)CC)C(=O)N[C@H]1CCCCNC(=O)[C@H](CC(N)=O)NC(=O)[C@@H](CC(O)=O)NC(=O)[C@H](Cc2c[nH]c[n]2)NC(=O)[C@H](Cc2ccccc2)NC(=O)[C@@H](NC(=O)[C@@H](CCCN)NC1=O)C(C)CC,0.788686682756164
4970,LABRADIMIL,COc1ccc(C[C@@H](CN[C@@H](CCCN=C(N)N)C(O)=O)NC(=O)[C@@H]2CCCN2C(=O)[C@H](CO)NC(=O)[C@H](Cc2ccc[s]2)NC(=O)CNC(=O)[C@@H]2C[C@@H](O)CN2C(=O)[C@@H]2CCCN2C(=O)[C@@H](N)CCCN=C(N)N)cc1,0.7867897061590188
10304,RISUTEGANIB,C[C@@H](O)[C@H](NC(=O)[C@H](CS(O)(=O)=O)NC(=O)CNC(=O)[C@H](CCCNC(N)=N)NC(=O)CN)C(=O)N1CCC[C@H]1C(O)=O,0.7846429308179032
9963,PALMITOYL TETRAPEPTIDE-7,CCCCCCCCCCCCCCCC(=O)NCC(=O)N[C@@H](CCC(N)=O)C(=O)N1CCC[C@H]1C(=O)N[C@@H](CCCN=C(N)N)C(O)=O,0.7831770977059663
553,NAFARELIN,CC(C)C[C@H](NC(=O)[C@@H](Cc1ccc2ccccc2c1)NC(=O)[C@H](Cc1ccc(O)cc1)NC(=O)[C@H](CO)NC(=O)[C@H](Cc1c[nH]c2ccccc21)NC(=O)[C@H](Cc1c[nH]c[n]1)NC(=O)[C@@H]1CCC(=O)N1)C(=O)N[C@@H](CCCNC(N)=N)C(=O)N1CCC[C@H]1C(=O)NCC(N)=O,0.7776257852096132
10865,R-142086,CC(=N)N1CCC(CC1)Oc1ccc(cc1C(N)=O)N(C/C(/F)=C/c1cc(ccc1)C(N)=N)S(=O)(=O)CC(O)=O,0.7738919497512081
10524,EDRATIDE,C[C@@H](CC)[C@H](NC(=O)[C@H](Cc1c[nH]c2ccccc12)NC(=O)[C@H](CCC(O)=O)NC(=O)[C@H](CCC(O)=O)NC(=O)CNC(=O)[C@H](CCCCN)NC(=O)CNC(=O)[C@@H]1CCCN1C(=O)[C@@H]1CCCN1C(=O)[C@H](CCC(N)=O)NC(=O)[C@H](CCCNC(N)=N)NC(=O)[C@@H](NC(=O)[C@H](Cc1c[nH]c2ccccc12)NC(=O)[C@H](CO)NC(=O)[C@H](Cc1c[nH]c2ccccc12)NC(=O)[C@H](Cc1ccc(O)cc1)NC(=O)[C@H](Cc1ccc(O)cc1)NC(=O)CN)[C@@H](C)CC)C(=O)NCC(O)=O,0.7722373637700761
7262,CORTICORELIN OVINE TRIFLUTATE,CSCC[C@H](NC(=O)[C@H](CCC(O)=O)NC(=O)[C@H](CC(C)C)NC(=O)[C@@H](NC(=O)[C@H](CCC(O)=O)NC(=O)[C@H](CCCNC(N)=N)NC(=O)[C@H](CC(C)C)NC(=O)[C@H](CC(C)C)NC(=O)[C@H](Cc1c[n]c[nH]1)NC(=O)[C@H](Cc1ccccc1)NC(=O)[C@@H](NC(=O)[C@H](CC(C)C)NC(=O)[C@H](CC(O)=O)NC(=O)[C@H](CC(C)C)NC(=O)[C@H](CO)NC(=O)[C@@H](NC(=O)[C@@H]1CCCN1C(=O)[C@@H]1CCCN1C(=O)[C@H](CCC(O)=O)NC(=O)[C@H](CCC(N)=O)NC(=O)[C@@H](N)CO)[C@@H](C)CC)[C@@H](C)O)C(C)C)C(=O)N[C@@H]([C@@H](C)O)C(=O)N[C@@H](CCCCN)C(=O)N[C@@H](C)C(=O)N[C@@H](CC(O)=O)C(=O)N[C@@H](CCC(N)=O)C(=O)N[C@@H](CC(C)C)C(=O)N[C@@H](C)C(=O)N[C@@H](CCC(N)=O)C(=O)N[C@@H](CCC(N)=O)C(=O)N[C@@H](C)C(=O)N[C@@H](Cc1c[n]c[nH]1)C(=O)N[C@@H](CO)C(=O)N[C@@H](CC(N)=O)C(=O)N[C@@H](CCCNC(N)=N)C(=O)N[C@@H](CCCCN)C(=O)N[C@@H](CC(C)C)C(=O)N[C@@H](CC(C)C)C(=O)N[C@@H](CC(O)=O)C(=O)N[C@@H]([C@@H](C)CC)C(=O)N[C@@H](C)C(N)=O,0.7679436837785985
1139,PRAMLINTIDE,CC[C@H](C)[C@H](NC(=O)[C@@H]1CCCN1C(=O)CNC(=O)[C@H](Cc1ccccc1)NC(=O)[C@H](CC(N)=O)NC(=O)[C@H](CC(N)=O)NC(=O)[C@H](CO)NC(=O)[C@H](CO)NC(=O)[C@H](Cc1c[n]c[nH]1)NC(=O)[C@@H](NC(=O)[C@H](CC(C)C)NC(=O)[C@H](Cc1ccccc1)NC(=O)[C@H](CC(N)=O)NC(=O)[C@H](C)NC(=O)[C@H](CC(C)C)NC(=O)[C@H](CCCNC(N)=N)NC(=O)[C@H](CCC(N)=O)NC(=O)[C@@H](NC(=O)[C@H](C)NC(=O)[C@@H]1CSSC[C@H](NC(=O)[C@@H](N)CCCCN)C(=O)N[C@@H](CC(N)=O)C(=O)N[C@@H]([C@@H](C)O)C(=O)N[C@@H](C)C(=O)N[C@@H]([C@@H](C)O)C(=O)N1)[C@@H](C)O)C(C)C)C(=O)N[C@@H](CC(C)C)C(=O)N1CCC[C@H]1C(=O)N1CCC[C@H]1C(=O)N[C@@H]([C@@H](C)O)C(=O)N[C@@H](CC(N)=O)C(=O)N[C@@H](C(C)C)C(=O)NCC(=O)N[C@@H](CO)C(=O)N[C@@H](CC(N)=O)C(=O)N[C@@H]([C@@H](C)O)C(=O)N[C@@H](Cc1ccc(O)cc1)C(N)=O,0.7625219873972756
8152,DIFELIKEFALIN,CC(C)C[C@@H](NC(=O)[C@@H](Cc1ccccc1)NC(=O)[C@H](N)Cc1ccccc1)C(=O)N[C@H](CCCCN)C(=O)N1CCC(N)(CC1)C(O)=O,0.7620869845554058
1598,"L-N(OMEGA)-NITROARGININE-2,4-L-DIAMINOBUTYRIC AMIDE",NC(=O)[C@H](CCN)NC(=O)[C@@H](N)CCCNC(=N)N[N+]([O-])=O,0.7568406391198771
8073,ANGIOTENSIN II,CC(C)[C@H](NC(=O)[C@H](CCCN=C(N)N)NC(=O)[C@@H](N)CC(O)=O)C(=O)N[C@@H](Cc1ccc(O)cc1)C(=O)N[C@@H]([C@@H](C)CC)C(=O)N[C@@H](Cc1c[n]c[nH]1)C(=O)N1CCC[C@H]1C(=O)N[C@@H](Cc1ccccc1)C(O)=O,0.7550819338646692
8311,BRADYKININ,N[C@@H](CCCNC(N)=N)C(=O)N1CCC[C@H]1C(=O)N1CCC[C@H]1C(=O)NCC(=O)N[C@@H](Cc1ccccc1)C(=O)N[C@@H](CO)C(=O)N1CCC[C@H]1C(=O)N[C@@H](Cc1ccccc1)C(=O)N[C@@H](CCCNC(N)=N)C(O)=O,0.7380576511153001
10364,GO-203-2C,CC(O)=N[C@H](CCCNC(N)=N)C(O)=N[C@H](CCCNC(N)=N)C(O)=N[C@H](CCCNC(N)=N)C(O)=N[C@H](CCCNC(N)=N)C(O)=N[C@H](CCCNC(N)=N)C(O)=N[C@H](CCCNC(N)=N)C(O)=N[C@H](CCCNC(N)=N)C(O)=N[C@H](CCCNC(N)=N)C(O)=N[C@H](CCCNC(N)=N)C(O)=N[C@@H]1CSSC[C@@H](N=C(O)[C@@H](CCC(=N)O)N=C1O)C(O)=N[C@H](CCCNC(N)=N)C(O)=N[C@H](CCCNC(N)=N)C(O)=N[C@H](CCCCN)C(O)=N[C@H](CC(=N)O)C(O)=O,0.7312292321522809
10590,TOZULERISTIDE,CC(C)CC1NC(=O)C2CSSCC3NC(=O)C(CCCNC(N)=N)NC(=O)C(CCCNC(N)=N)NC(=O)C(C)NC(=O)C(CCSC)NC(=O)C(CCC(N)=O)NC(=O)C(Cc4c[nH]c[n]4)NC(=O)C(CC(O)=O)NC(=O)C(NC(=O)C(NC(=O)C(Cc4ccccc4)NC(=O)C4CSSCC(NC(=O)C(CCCCNC(=O)CCCCCN5/C(=C\C=C\C=C\C=C\C6=[N+](CCCCS([O-])(=O)=O)c7ccc8ccccc8c7C6(C)C)/C(C)(C)c6c5ccc5ccccc65)NC(=O)CNC(=O)C(CCCNC(N)=N)NC(=O)CNC(=O)C(CCCNC(N)=N)NC(=O)CNC(=O)CNC(=O)C(CSSCC(NC1=O)C(=O)NC(CCCNC(N)=N)C(O)=O)NC(=O)C(CSSCC(NC(=O)C(N)CCSC)C(=O)NC(CCSC)C(=O)N1CCCC1C(=O)N4)NC(=O)C(CC(O)=O)NC(=O)C(CC(O)=O)NC3=O)C(=O)NC(Cc1ccc(O)cc1)C(=O)NCC(=O)N1CCCC1C(=O)NC(CCC(N)=O)C(=O)N2)C(C)O)C(C)O,0.7310065256507972
15129,GNTI,NC(=N)Nc1cc2c3C[C@@]4(O)[C@H]5Cc6ccc(O)c7O[C@@H](c3[nH]c2cc1)[C@]4(CCN5CC1CC1)c67,0.7306130120342068
10231,NEROFE,C[C@@H](O)[C@@H](NC(=O)[C@@H](Cc1c[nH]c2ccccc12)NC(=O)[C@H](N)Cc1c[nH]c2ccccc12)C(=O)N[C@H](Cc1ccccc1)C(=O)N[C@H](Cc1ccccc1)C(=O)N[C@H](CC(C)C)C(=O)N1CCC[C@@H]1C(=O)N[C@H](CO)C(=O)N[C@H]([C@@H](C)O)C(=O)N[C@H](CC(C)C)C(=O)N[C@H](Cc1c[nH]c2ccccc12)C(=O)N[C@H](CCC(O)=O)C(=O)N[C@H](CCCNC(N)=N)C(=O)N[C@H](CCCCN)C(O)=O,0.7291135210063017
7953,SETMELANOTIDE,CC(=O)N[C@@H](CCCN=C(N)N)C(=O)N[C@H]1CSSC[C@H](NC(=O)[C@H](Cc2c[nH]c3ccccc23)NC(=O)[C@H](CCCN=C(N)N)NC(=O)[C@@H](Cc2ccccc2)NC(=O)[C@H](Cc2c[n]c[nH]2)NC(=O)[C@@H](C)NC1=O)C(N)=O,0.7266055727386755
8684,OZARELIX,CN([C@@H](Cc1ccc(O)cc1)C(=O)N[C@H](CCCCNC(N)=O)C(=O)N[C@@H](CCCC)C(=O)N[C@@H](CCCNC(N)=N)C(=O)N1CCC[C@H]1C(=O)N[C@H](C)C(N)=O)C(=O)[C@H](CO)NC(=O)[C@@H](Cc1c[n]ccc1)NC(=O)[C@@H](Cc1ccc(Cl)cc1)NC(=O)[C@@H](Cc1cc2ccccc2cc1)NC(C)=O,0.7223084666539886
8352,TELINAVIR,CC(C)CN(C[C@@H](O)[C@H](Cc1ccccc1)NC(=O)[C@H](CC(N)=O)NC(=O)c1ccc2ccccc2[n]1)C(=O)NC(C)(C)C,0.7217568666171238
10614,OTL-38,CC1(C)c2cc(ccc2[N+](CCCCS(O)(=O)=O)=C1C=CC1CCC/C(=C\C=C2\N(CCCCS(O)(=O)=O)c3ccc(cc3C\2(C)C)S(O)(=O)=O)/C=1Oc1ccc(C[C@H](NC(=O)c2ccc(cc2)NCc2c[n]c3N=C(N)NC(=O)c3[n]2)C(O)=O)cc1)S([O-])(=O)=O |t:21|,0.7211943916287319
6276,+/-METHYL 4-(AMINOIMINOMETHYL)-BETA-[3- INH (AMINOIMINO)PHENYL]BENZENE PENTANOATE,COC(=O)C[C@H](CCc1ccc(cc1)C(N)=N)c1cc(ccc1)C(N)=N,0.7173150815419431
10844,LAMIFIBAN,NC(=N)c1ccc(cc1)C(=O)NC(Cc1ccc(O)cc1)C(=O)N1CCC(CC1)OCC(O)=O,0.7163577604451931
5122,GANIRELIX,CC(=O)N[C@H](Cc1cc2ccccc2cc1)C(=O)N[C@H](Cc1ccc(Cl)cc1)C(=O)N[C@H](Cc1c[n]ccc1)C(=O)N[C@@H](CO)C(=O)N[C@@H](Cc1ccc(O)cc1)C(=O)N[C@H](CCCCN=C(NCC)NCC)C(=O)N[C@@H](CC(C)C)C(=O)N[C@@H](CCCCN=C(NCC)NCC)C(=O)N1CCC[C@H]1C(=O)N[C@H](C)C(N)=O,0.7128363487824306
3050,CP-320626,OC1CCN(CC1)C(=O)[C@H](Cc1ccc(F)cc1)NC(=O)c1cc2cc(Cl)ccc2[nH]1,0.7039857427998045
1125,LISDEXAMFETAMINE,C[C@@H](Cc1ccccc1)NC(=O)[C@@H](N)CCCCN,0.6867135007476662
8762,RELAMORELIN,NC(=O)C1(CCNCC1)NC(=O)[C@H](Cc1ccccc1)NC(=O)[C@@H](Cc1c[nH]c2ccccc12)NC(=O)[C@@H](Cc1c[s]c2ccccc12)NC(=O)C1CCNCC1,0.6854332112756232
3952,"TERT-BUTYL N-[(2S,5R)-6-[[(2S)-5-AMINO-1-[[(2S)-1-AMINO-1-OXO-3-PHENYLPROPAN-2-YL]AMINO]-1,5-DIOXOPENTAN-2-YL]AMINO]-5-BENZYL-3,6-DIOXO-1-PHENYLHEXAN-2-YL]CARBAMATE",CC(C)(C)OC(=O)N[C@@H](Cc1ccccc1)C(=O)C[C@H](Cc1ccccc1)C(=O)N[C@@H](CCC(N)=O)C(=O)N[C@@H](Cc1ccccc1)C(N)=O,0.6842982207715764
2011,[4-({[5-BENZYLOXY-1-(3-CARBAMIMIDOYL-BENZYL)-1H-INDOLE-2-CARBONYL]-AMINO}-METHYL)-PHENYL]-TRIMETHYL-AMMONIUM,C[N+](C)(C)c1ccc(CNC(=O)c2cc3cc(ccc3[n]2Cc2cc(ccc2)C(N)=N)OCc2ccccc2)cc1,0.6838103311349469
4614,ABT-510,CN(CC(=O)NCC(=O)N[C@@H](C(C)C)C(=O)N[C@H]([C@@H](C)CC)C(=O)N[C@@H]([C@@H](C)O)C(=O)N[C@@H](CCC)C(=O)N[C@@H]([C@@H](C)CC)C(=O)N[C@@H](CCCN=C(N)N)C(=O)N1CCC[C@H]1C(=O)NCC)C(C)=O,0.6829626111134689
8507,IPAMORELIN,CC(C)(N)C(=O)N[C@@H](Cc1c[nH]c[n]1)C(=O)N[C@H](Cc1cc2ccccc2cc1)C(=O)N[C@H](Cc1ccccc1)C(=O)N[C@@H](CCCCN)C(N)=O,0.6774966382643054
8752,METENKEFALIN,CSCC[C@H](NC(=O)[C@H](Cc1ccccc1)NC(=O)CNC(=O)CNC(=O)[C@@H](N)Cc1ccc(O)cc1)C(O)=O,0.6709307967382466
8103,DUSQUETIDE,CC(C)[C@H](NC(=O)C(NC(=O)[C@@H](N)CCCNC(N)=N)[C@@H](C)CC)C(=O)N1CCC[C@H]1C(=O)N[C@@H](C)C(N)=O,0.6678685213226108
10474,CIRAPARANTAG,NC(=N)NCCC[C@H](N)C(=O)NCCCN1CCN(CC1)CCCNC(=O)[C@@H](N)CCCNC(N)=N,0.6560141966217149
8371,TRV-120027,CC(C)[C@H](NC(=O)[C@H](CCCNC(N)=N)NC(=O)CNC)C(=O)N[C@@H](Cc1ccc(O)cc1)C(=O)N[C@@H]([C@@H](C)CC)C(=O)N[C@@H](Cc1c[n]c[nH]1)C(=O)N1CCC[C@H]1C(=O)N[C@H](C)C(O)=O,0.6492650344011889
10829,S-18326,CC(=O)N[C@H](Cc1ccccc1)C(=O)N(CC(=O)N[C@@H](CCCNC(N)=N)B(O)O)C1CCCC1,0.6490687750435309
4462,VAPREOTIDE,CC(C)[C@@H]1NC(=O)[C@H](CCCCN)NC(=O)[C@@H](Cc2c[nH]c3ccccc32)NC(=O)[C@H](Cc2ccc(O)cc2)NC(=O)[C@H](CSSC[C@H](NC1=O)C(=O)N[C@@H](Cc1c[nH]c2ccccc12)C(N)=O)NC(=O)[C@H](N)Cc1ccccc1,0.6269725721196682
1884,[1-(3-HYDROXY-2-OXO-1-PHENETHYL-PROPYLCARBAMOYL)2-PHENYL-ETHYL]-CARBAMIC ACID PYRIDIN-4-YLMETHYL ESTER,OCC(=O)[C@H](CCc1ccccc1)NC(=O)[C@H](Cc1ccccc1)NC(=O)OCc1c[n]ccc1,0.6256649831932295
12490,BREMELANOTIDE,CC(=O)N[C@@H](CCCC)C(=O)N[C@H]1CC(=O)NCCCC[C@H](NC(=O)[C@H](Cc2c[nH]c3ccccc23)NC(=O)[C@H](CCCNC(N)=N)NC(=O)[C@@H](Cc2ccccc2)NC(=O)[C@H](Cc2c[n]c[nH]2)NC1=O)C(O)=O,0.6214517937584023
2091,4-{[1-METHYL-5-(2-METHYL-BENZOIMIDAZOL-1-YLMETHYL)-1H-BENZOIMIDAZOL-2-YLMETHYL]-AMINO}-BENZAMIDINE,C[n]1c2ccc(C[n]3c4ccccc4[n]c3C)cc2[n]c1CNc1ccc(cc1)C(N)=N,0.6190302461190308
10211,HYDROXYSTILBAMIDINE,NC(=N)c1cc(O)c(cc1)/C=C/c1ccc(cc1)C(N)=N,0.6067479099441155
3143,(4S)-5-[[(2S)-1-[[(2S)-1-AMINO-3-[4-[DIFLUORO(PHOSPHONO)METHYL]PHENYL]-1-OXOPROPAN-2-YL]AMINO]-3-[4-[DIFLUORO(PHOSPHONO)METHYL]PHENYL]-1-OXOPROPAN-2-YL]AMINO]-4-BENZAMIDO-5-OXOPENTANOIC ACID,NC(=O)[C@H](Cc1ccc(cc1)C(F)(F)P(O)(O)=O)NC(=O)[C@H](Cc1ccc(cc1)C(F)(F)P(O)(O)=O)NC(=O)[C@H](CCC(O)=O)NC(=O)c1ccccc1,0.6054383342519256
13667,DABIGATRAN,C[n]1c(CNc2ccc(cc2)C(N)=N)[n]c2cc(ccc12)C(=O)N(CCC(O)=O)c1cccc[n]1,0.6048110724297235
12133,BCX-1470,NC(=N)c1cc2ccc(cc2[s]1)OC(=O)c1ccc[s]1,0.5968751808484126
2452,RPR131247,NC(=N)c1cc(CN2CC[C@H](NS(=O)(=O)c3cc4[n]cccc4[s]3)C2=O)c(O)cc1,0.5968664434056093
4849,AVIPTADIL,C[C@@H](O)[C@H](NC(=O)[C@H](Cc1ccccc1)NC(=O)[C@@H](NC(=O)[C@H](C)NC(=O)[C@H](CC(O)=O)NC(=O)[C@H](CO)NC(=O)[C@@H](N)Cc1c[n]c[nH]1)C(C)C)C(=O)N[C@@H](CC(O)=O)C(=O)N[C@@H](CC(N)=O)C(=O)N[C@@H](Cc1ccc(O)cc1)C(=O)N[C@@H]([C@H](O)CC)C(=O)N[C@@H](CCCNC(N)=N)C(=O)N[C@@H](CC(C)C)C(=O)N[C@@H](C)C(=O)N[C@@H](CCCCN)C(=O)N[C@@H](CCC(N)=O)C(=O)N[C@@H](CCSC)C(=O)N[C@@H](C)C(=O)N[C@@H](C(C)C)C(=O)N[C@@H](CCCCN)C(=O)N[C@@H](CCCCN)C(=O)N[C@@H](Cc1ccc(O)cc1)C(=O)N[C@@H](CC(C)C)C(=O)N[C@@H](CC(N)=O)C(=O)N[C@@H](CO)C(=O)N[C@@H]([C@@H](C)CC)C(=O)N[C@@H](CC(C)C)C(=O)N[C@@H](CC(N)=O)C(O)=O,0.5967472046843509
13820,DESMOPRESSIN-ACETATE,NC(=N)NCCCC(NC(=O)C1CCCN1C(=O)C1CSSCCC(=O)NC(Cc2ccc(O)cc2)C(=O)NC(Cc2ccccc2)C(=O)NC(CCC(N)=O)C(=O)NC(CC(N)=O)C(=O)N1)C(=O)NCC(N)=O,0.5961701045671393
3721,[(1-{2[(4-CARBAMIMIDOYL-PHENYLAMINO)-METHYL]-1-METHYL-1H-BENZOIMIDAZOL-5-YL}-CYCLOPROPYL)-PYRIDIN-2-YL-METHYLENEAMINOOXY]-ACETIC ACID ETHYL ESTER,CCOC(=O)CO/N=C(/c1cccc[n]1)\C1(CC1)c1ccc2c(c1)[n]c(CNc1ccc(cc1)C(N)=N)[n]2C,0.5915470473360253
10826,SE-170,NC(=N)c1cc2c(cc1)[nH]cc2CC(=O)Nc1ccc(cc1Br)-c1ccccc1S(N)(=O)=O,0.590620499528496
10847,RO-44-3888,C[C@H](NC(=O)c1ccc(cc1)C(N)=N)C(=O)N1CCC(CC1)OCC(O)=O,0.5903991909576911
10659,EDOTREOTIDE GALLIUM GA-68,[68Ga+3].C[C@@H](O)[C@@H](CO)NC(=O)[C@@H]1CSSC[C@H](NC(=O)[C@@H](Cc2ccccc2)NC(=O)CN2CCN(CC([O-])=O)CCN(CC([O-])=O)CCN(CC([O-])=O)CC2)C(=O)N[C@@H](Cc2ccc(O)cc2)C(=O)N[C@H](Cc2c[nH]c3ccccc23)C(=O)N[C@@H](CCCCN)C(=O)N[C@@H]([C@@H](C)O)C(=O)N1,0.5888493492580862
4656,DELCASERTIB,CC(C)C[C@H](N=C(O)[C@H](CCC(O)=O)N=C(O)[C@H](Cc1ccc(O)cc1)N=C(O)[C@H](CO)N=C(O)[C@H](CC(=N)O)N=C(O)[C@H](Cc1ccccc1)N=C(O)[C@H](CO)N=C(O)[C@@H](N)CSSC[C@H](N)C(O)=N[C@@H](Cc1ccc(O)cc1)C(O)=NCC(O)=N[C@@H](CCCNC(N)=N)C(O)=N[C@@H](CCCCN)C(O)=N[C@@H](CCCCN)C(O)=N[C@@H](CCCNC(N)=N)C(O)=N[C@@H](CCCNC(N)=N)C(O)=N[C@@H](CCC(=N)O)C(O)=N[C@@H](CCCNC(N)=N)C(O)=N[C@@H](CCCNC(N)=N)C(O)=N[C@@H](CCCNC(N)=N)C(O)=O)C(O)=NCC(O)=N[C@@H](CO)C(O)=N[C@@H](CC(C)C)C(O)=O,0.5869279481546016
5261,N-(4-CARBAMIMIDOYLBENZYL)-1-(4-METHYLPENTANOYL)-L-PROLINAMIDE,CC(C)CCC(=O)N1CCC[C@H]1C(=O)NCc1ccc(cc1)C(N)=N,0.5860004149349208
809,METACYCLINE,CN(C)[C@H]1[C@@H]2[C@@H](O)[C@@H]3C(=C)c4cccc(O)c4C(=O)C3=C(O)[C@]2(O)C(=O)C(C(N)=O)=C1O,0.5856671245022746
1869,ZK-806450,CC(=N)N1CCC(CC1)Oc1cc2c(cc1)c1ccccc1[n]2Cc1cc2cc(ccc2cc1)C(N)=N,0.5852533674632729
11788,ARGATROBAN,C[C@H]1C[C@H](C(O)=O)N(CC1)C(=O)[C@H](CCCN=C(N)N)NS(=O)(=O)c1cccc2CC(C)CNc12,0.5850247256179825
13030,CETRORELIX,CC(=O)N[C@H](Cc1cc2ccccc2cc1)C(=O)N[C@H](Cc1ccc(Cl)cc1)C(=O)N[C@H](Cc1c[n]ccc1)C(=O)N[C@@H](CO)C(=O)N[C@@H](Cc1ccc(O)cc1)C(=O)N[C@H](CCCNC(N)=O)C(=O)N[C@@H](CC(C)C)C(=O)N[C@@H](CCCNC(N)=N)C(=O)N1CCC[C@H]1C(=O)N[C@H](C)C(N)=O,0.5839055717605516
447,TIGECYCLINE,CC(C)(C)NCC(=O)Nc1cc(c2C[C@H]3C[C@H]4[C@@H](C(O)=C(C(=O)[C@@]4(O)C(O)=C3C(=O)c2c1O)C(N)=O)N(C)C)N(C)C,0.5834304982732035
14747,FK-33-824,C[C@H](NC(=O)[C@@H](N)Cc1ccc(O)cc1)C(=O)NCC(=O)N(C)[C@@H](Cc1ccccc1)C(=O)N[C@@H](CCS(C)=O)CO,0.5828413712657159
10831,EFEGATRAN,CN[C@H](Cc1ccccc1)C(=O)N1CCC[C@H]1C(=O)N[C@@H](CCCN=C(N)N)C=O,0.5794697837865396
8722,ACLERASTIDE,C[C@@H](CC)[C@H](NC(=O)[C@H](Cc1ccc(O)cc1)NC(=O)[C@H](CCCC)NC(=O)[C@H](CCCN=C(N)N)NC(=O)[C@@H](N)CC(O)=O)C(=O)N[C@@H](Cc1c[n]c[nH]1)C(=O)N1CCC[C@H]1C(O)=O,0.5775033588977502
14610,EXENATIDE,CC[C@H](C)[C@H](NC(=O)[C@H](Cc1ccccc1)NC(=O)[C@H](CC(C)C)NC(=O)[C@H](CCCNC(N)=N)NC(=O)[C@@H](NC(=O)[C@H](C)NC(=O)[C@H](CCC(O)=O)NC(=O)[C@H](CCC(O)=O)NC(=O)[C@H](CCC(O)=O)NC(=O)[C@H](CCSC)NC(=O)[C@H](CCC(N)=O)NC(=O)[C@H](CCCCN)NC(=O)[C@H](CO)NC(=O)[C@H](CC(C)C)NC(=O)[C@H](CC(O)=O)NC(=O)[C@H](CO)NC(=O)[C@@H](NC(=O)[C@H](Cc1ccccc1)NC(=O)[C@@H](NC(=O)CNC(=O)[C@H](CCC(O)=O)NC(=O)CNC(=O)[C@@H](N)Cc1c[nH]c[n]1)[C@@H](C)O)[C@@H](C)O)C(C)C)C(=O)N[C@@H](CCC(O)=O)C(=O)N[C@@H](Cc1c[nH]c2ccccc12)C(=O)N[C@@H](CC(C)C)C(=O)N[C@@H](CCCCN)C(=O)N[C@@H](CC(N)=O)C(=O)NCC(=O)NCC(=O)N1CCC[C@H]1C(=O)N[C@@H](CO)C(=O)N[C@@H](CO)C(=O)NCC(=O)N[C@@H](C)C(=O)N1CCC[C@H]1C(=O)N1CCC[C@H]1C(=O)N1CCC[C@H]1C(=O)N[C@@H](CO)C(O)=O,0.5743794642363754
7430,LIXISENATIDE,CC[C@H](C)[C@H](NC(=O)[C@H](Cc1ccccc1)NC(=O)[C@H](CC(C)C)NC(=O)[C@H](CCCNC(N)=N)NC(=O)[C@@H](NC(=O)[C@H](C)NC(=O)[C@H](CCC(O)=O)NC(=O)[C@H](CCC(O)=O)NC(=O)[C@H](CCC(O)=O)NC(=O)[C@H](CCSC)NC(=O)[C@H](CCC(N)=O)NC(=O)[C@H](CCCCN)NC(=O)[C@H](CO)NC(=O)[C@H](CC(C)C)NC(=O)[C@H](CC(O)=O)NC(=O)[C@H](CO)NC(=O)[C@@H](NC(=O)[C@H](Cc1ccccc1)NC(=O)[C@@H](NC(=O)CNC(=O)[C@H](CCC(O)=O)NC(=O)CNC(=O)[C@@H](N)Cc1c[nH]c[n]1)[C@@H](C)O)[C@@H](C)O)C(C)C)C(=O)N[C@@H](CCC(O)=O)C(=O)N[C@@H](Cc1c[nH]c2ccccc12)C(=O)N[C@@H](CC(C)C)C(=O)N[C@@H](CCCCN)C(=O)N[C@@H](CC(N)=O)C(=O)NCC(=O)NCC(=O)N1CCC[C@H]1C(=O)N[C@@H](CO)C(=O)N[C@@H](CO)C(=O)NCC(=O)N[C@@H](C)C(=O)N1CCC[C@H]1C(=O)N1CCC[C@H]1C(=O)N[C@@H](CO)C(=O)N[C@@H](CCCCN)C(=O)N[C@@H](CCCCN)C(=O)N[C@@H](CCCCN)C(=O)N[C@@H](CCCCN)C(=O)N[C@@H](CCCCN)C(=O)N[C@@H](CCCCN)C(N)=O,0.5743794642363754
8185,TAK-448,CC(=O)N[C@H](Cc1ccc(O)cc1)C(=O)N1C[C@H](O)C[C@H]1C(=O)N[C@@H](CC(N)=O)C(=O)N[C@@H]([C@@H](C)O)C(=O)N[C@@H](Cc1ccccc1)C(=O)NNC(=O)N[C@@H](CC(C)C)C(=O)N[C@@H](CCCNC(=N)NC)C(=O)N[C@@H](Cc1c[nH]c2ccccc12)C(N)=O,0.570090312392469
11894,ATN-161,CC(=O)N1CCC[C@H]1C(=O)N[C@@H](Cc1c[nH]c[n]1)C(=O)N[C@@H](CO)C(=O)N[C@@H](CS)C(=O)N[C@@H](CC(N)=O)C(N)=O,0.5642664595354966
482,OXYTETRACYCLINE,C[C@]1(O)[C@H]2[C@H](O)[C@H]3[C@@H](C(O)=C(C(N)=O)C(=O)[C@@]3(O)C(O)=C2C(=O)c2c1cccc2O)N(C)C,0.5628569500185641
12443,BMS-983970,NC(=O)[C@@H](CC1CC1)[C@@H](CCC(F)(F)F)C(=O)N[C@H]1N=C(c2cccc(F)c2NC1=O)c1ccccc1,0.5605978972378304
1748,N-ACETYL-L-ARGININE,CC(=O)N[C@@H](CCCNC(N)=N)C(O)=O,0.5560978442394425
16006,L-MONOMETHYLARGININE,CN[C@@H](CCCNC(N)=N)C(O)=O,0.5553296948202504
12733,CAPREOMYCIN,NC(=O)N/C=C1/NC(=O)C(CNC(=O)CC(N)CCCN)NC(=O)C(CO)NC(=O)C(N)CNC(=O)C(NC/1=O)C1CCNC(=N)N1,0.5550478436555445
8580,OMADACYCLINE,CC(C)(C)CNCc1cc(c2C[C@H]3C[C@H]4[C@@H](C(O)=C(C(N)=O)C(=O)[C@@]4(O)C(O)=C3C(=O)c2c1O)N(C)C)N(C)C,0.5530676488773725
774,BENZYLPENICILLOYL POLYLYSINE,CC1(C)S[C@@H](N[C@H]1C(O)=O)C(NC(=O)Cc1ccccc1)C(=O)NCCCC[C@@H](N)C(O)=O.NCCCC[C@@H](N)C(O)=O,0.5492507533361365
4669,TEVERELIX,CC(=O)N[C@H](Cc1ccc2ccccc2c1)C(=O)N[C@H](Cc1ccc(Cl)cc1)C(=O)N[C@H](Cc1c[n]ccc1)C(=O)N[C@@H](CO)C(=O)N[C@@H](Cc1ccc(O)cc1)C(=O)N[C@H](CCCCNC(N)=O)C(=O)N[C@@H](CC(C)C)C(=O)N[C@@H](CCCCNC(C)C)C(=O)N1CCC[C@H]1C(=O)N[C@H](C)C(N)=O,0.5477534682842077
8707,DAVUNETIDE,CC(C)[C@H](NC(=O)[C@@H]1CCCN1C(=O)[C@H](C)NC(=O)[C@@H](N)CC(N)=O)C(=O)N[C@@H](CO)C(=O)N[C@@H]([C@@H](C)CC)C(=O)N1CCC[C@H]1C(=O)N[C@@H](CCC(N)=O)C(O)=O,0.5456141100590604
1656,N-(SULFANYLACETYL)TYROSYLPROLYLMETHIONINAMIDE,CSCC[C@H](NC(=O)[C@@H]1CCCN1C(=O)[C@H](Cc1ccc(O)cc1)NC(=O)CS)C(N)=O,0.5446924341304046
1950,3-[N-[BENZYLOXYCARBONYL]-PHENYLALANINYL-AMINO]-5-PHENYL-PENTANE-1-SULFONYLMETHYLBENZENE,O=C(N[C@H](CCS(=O)(=O)Cc1ccccc1)CCc1ccccc1)[C@H](Cc1ccccc1)NC(=O)OCc1ccccc1,0.5439852164831083
9806,DOTATATE GALLIUM GA-68,[Ga+3].C[C@@H](O)[C@@H]1NC(=O)[C@H](CCCCN)NC(=O)[C@@H](Cc2c[nH]c3ccccc23)NC(=O)[C@H](Cc2ccc(O)cc2)NC(=O)[C@H](CSSC[C@H](NC1=O)C(=O)N[C@@H]([C@@H](C)O)C(O)=O)NC(=O)[C@@H](Cc1ccccc1)NC(=O)CN1CCN(CC([O-])=O)CCN(CC([O-])=O)CCN(CC([O-])=O)CC1,0.5409584997165742
13540,CTS21166,C[C@H](NC(=O)[C@H](C)C[C@H](O)[C@H](CC(C)C)NC(=O)[C@H](CC(N)=O)NC(=O)[C@@H](NC(=O)[C@@H](N)CCC(O)=O)C(C)C)C(=O)N[C@@H](CCC(O)=O)C(=O)N[C@@H](Cc1ccccc1)C(O)=O,0.5384981440659312
8191,LETAXABAN,O[C@H](CS(=O)(=O)c1cc2ccc(Cl)cc2cc1)C(=O)N1CCC(CC1)N1CCCNC1=O,0.5360641029455687
8280,TT-232,C[C@@H](O)[C@H](NC(=O)[C@@H]1CSSC[C@H](NC(=O)[C@H](N)Cc2ccccc2)C(=O)N[C@@H](Cc2ccc(O)cc2)C(=O)N[C@H](Cc2c[nH]c3ccccc23)C(=O)N[C@@H](CCCCN)C(=O)N1)C(N)=O,0.5343133553025314
10095,DOTATATE,C[C@@H](O)[C@@H]1NC(=O)[C@H](CCCCN)NC(=O)[C@@H](Cc2c[nH]c3ccccc23)NC(=O)[C@H](Cc2ccc(O)cc2)NC(=O)[C@H](CSSC[C@H](NC1=O)C(=O)N[C@@H]([C@@H](C)O)C(O)=O)NC(=O)[C@@H](Cc1ccccc1)NC(=O)CN1CCN(CC(O)=O)CCN(CC(O)=O)CCN(CC(O)=O)CC1,0.5326010450792957
3043,ZK-806711,Cc1[n]c2ccc(cc2[n]1Cc1cc2cc(ccc2cc1)C(N)=[NH2+])OC1CCN(CC1)C(C)=N,0.5322469111947083
9850,LUTETIUM LU 177 DOTATATE,[177Lu+3].C[C@@H](O)[C@@H]1NC(=O)[C@H](CCCCN)NC(=O)[C@@H](Cc2c[nH]c3ccccc23)NC(=O)[C@H](Cc2ccc(O)cc2)NC(=O)[C@H](CSSC[C@H](NC1=O)C(=O)N[C@@H]([C@@H](C)O)C(O)=O)NC(=O)[C@@H](Cc1ccccc1)NC(=O)CN1CCN(CC([O-])=O)CCN(CC([O-])=O)CCN(CC([O-])=O)CC1,0.531494388485034
10241,AMY-101,CC(C)[C@@H]1NC(=O)[C@H](CSSC[C@H](NC(=O)[C@H](CCCNC(N)=N)NC(=O)[C@H](Cc2c[n]c[nH]2)NC(=O)[C@H](C)NC(=O)CN(C)C(=O)[C@H](Cc2c[nH]c3ccccc23)NC(=O)[C@H](CC(O)=O)NC(=O)[C@H](CCC(N)=O)NC(=O)[C@H](Cc2c[n](C)c3ccccc32)NC1=O)C(=O)N(C)[C@@H]([C@@H](C)CC)C(N)=O)NC(=O)[C@@H](NC(=O)[C@H](N)Cc1ccc(O)cc1)[C@@H](C)CC,0.5292485891246187
3798,N(2)-(2-CARBOXYETHYL)-L-ARGININE,NC(=N)NCCC[C@H](NCCC(O)=O)C(O)=O,0.5285338208580771
5049,DEGARELIX,CC(=O)N[C@H](Cc1cc2ccccc2cc1)C(=O)N[C@H](Cc1ccc(Cl)cc1)C(=O)N[C@H](Cc1c[n]ccc1)C(=O)N[C@@H](CO)C(=O)N[C@@H](Cc1ccc(cc1)NC(=O)[C@@H]1CC(=O)NC(=O)N1)C(=O)N[C@H](Cc1ccc(cc1)NC(N)=O)C(=O)N[C@@H](CC(C)C)C(=O)N[C@@H](CCCCNC(C)C)C(=O)N1CCC[C@H]1C(=O)N[C@H](C)C(N)=O,0.5277515957304687
8699,PENTETREOTIDE,C[C@@H](O)[C@@H]1NC(=O)[C@H](CCCCN)NC(=O)[C@@H](Cc2c[nH]c3ccccc23)NC(=O)[C@H](Cc2ccccc2)NC(=O)[C@H](CSSC[C@H](NC1=O)C(=O)N[C@H](CO)[C@@H](C)O)NC(=O)[C@@H](Cc1ccccc1)NC(=O)CN(CC(O)=O)CCN(CC(O)=O)CCN(CC(O)=O)CC(O)=O,0.5265957608679313
12643,BW-180C,CC(C)C[C@H](NC(=O)[C@H](Cc1ccccc1)NC(=O)CNC(=O)[C@H](C)NC(=O)[C@@H](N)Cc1ccc(O)cc1)C(O)=O,0.5256920102508268
2229,N(2)-SUCCINYL-L-ARGININE,NC(=N)NCCC[C@H](NC(=O)CCC(O)=O)C(O)=O,0.5250393191142863
10324,MOTIXAFORTIDE,NC(=N)NCCC[C@H](NC(=O)[C@@H]1CSSC[C@H](NC(=O)[C@H](Cc2cc3ccccc3cc2)NC(=O)[C@H](CCCNC(N)=N)NC(=O)[C@H](CCCNC(N)=N)NC(=O)c2ccc(F)cc2)C(=O)N[C@@H](Cc2ccc(O)cc2)C(=O)N[C@@H](CCCNC(N)=O)C(=O)N[C@@H](CCCCN)C(=O)N[C@@H](CCCCN)C(=O)N2CCC[C@H]2C(=O)N[C@@H](Cc2ccc(O)cc2)C(=O)N[C@@H](CCCNC(N)=N)C(=O)N[C@@H](CCCNC(N)=O)C(=O)N1)C(N)=O,0.5248668208434033
5415,(S)-N-(4-CARBAMIMIDOYLBENZYL)-1-(2-(CYCLOHEXYLOXY)ETHANOYL)PYRROLIDINE-2-CARBOXAMIDE,NC(=N)c1ccc(CNC(=O)[C@@H]2CCCN2C(=O)COC2CCCCC2)cc1,0.524248163739712
2206,DEOXYAMIDINOPROCLAVAMINIC ACID,NC(=N)NCCC[C@@H](C(O)=O)N1CCC1=O,0.5234902231185169
2304,"N(2)-CARBAMIMIDOYL-N-{2-[4-(3-{4-[(5-CARBOXYFURAN-2-YL)METHOXY]-2,3-DICHLOROPHENYL}-1-METHYL-1H-PYRAZOL-5-YL)PIPERIDIN-1-YL]-2-OXOETHYL}-D-LEUCINAMIDE",C[n]1[n]c(cc1C1CCN(CC1)C(=O)CNC(=O)[C@@H](CC(C)C)NC(N)=N)-c1ccc(OCc2ccc(o2)C(O)=O)c(Cl)c1Cl,0.5219462888947689
7287,CHLORTETRACYCLINE,C[C@]1(O)[C@H]2C[C@H]3[C@@H](C(O)=C(C(N)=O)C(=O)[C@@]3(O)C(O)=C2C(=O)c2c1c(Cl)ccc2O)N(C)C,0.5198170299497077
10819,TANOGITRAN,C[n]1c2ccc(cc2[n]c1CNc1ccc(cc1)C(N)=N)[C@@](C)(NCC(O)=O)C(=O)N1CCCC1,0.5143128882466348
13988,DIMINAZENE-ACETURATE,NC(=N)c1ccc(cc1)/N=N/Nc1ccc(cc1)C(N)=N,0.5052489405847703
3206,CRA_11092,C[C@H]1CCCC[C@@H]1Oc1cccc(-c2[nH]c3cc(F)c(cc3[n]2)C(N)=N)c1O,0.5050695594709909
4715,PPI-1019,CN[C@H](CC(C)C)C(=O)N[C@H](C(C)C)C(=O)N[C@H](Cc1ccccc1)C(=O)N[C@H](Cc1ccccc1)C(=O)N[C@H](CC(C)C)C(N)=O,0.504988544268771
7097,DADLE,CC(C)C[C@@H](NC(=O)[C@H](Cc1ccccc1)NC(=O)CNC(=O)[C@@H](C)NC(=O)[C@@H](N)Cc1ccc(O)cc1)C(O)=O,0.5044286101152453
5412,(S)-N-(4-CARBAMIMIDOYLBENZYL)-1-(2-(CYCLOPENTYLOXY)ETHANOYL)PYRROLIDINE-2-CARBOXAMIDE,NC(=N)c1ccc(CNC(=O)[C@@H]2CCCN2C(=O)COC2CCCC2)cc1,0.5037700970339575
13787,DELIVERT,CC(C)[C@H](NC(=O)[C@@H](CCCNC(N)=N)NC(=O)[C@@H](N)CC(O)=O)C(=O)N[C@@H](Cc1ccc(O)cc1)C(=O)N[C@@H]([C@@H](C)CC)C(=O)N[C@@H](Cc1c[n]c[nH]1)C(=O)N1CCC[C@@H]1C(=O)N[C@H](Cc1ccccc1)C(O)=O,0.5012413943179599
2766,6-[(Z)-AMINO(IMINO)METHYL]-N-[4-(AMINOMETHYL)PHENYL]-4-(PYRIMIDIN-2-YLAMINO)-2-NAPHTHAMIDE,NC(=N)c1cc2c(cc(cc2cc1)C(=O)Nc1ccc(CN)cc1)Nc1[n]ccc[n]1,0.5005976741150412
15154,GR-144053,NC(=N)c1ccc(cc1)N1CCN(CC1)C1CCN(CC(O)=O)CC1,0.4989871263236831
16074,LEDIPASVIR,CC(C)[C@H](NC(=O)OC)C(=O)N1CC2(C[C@H]1c1[nH]c(c[n]1)-c1cc3c(cc1)-c1ccc(cc1C3(F)F)-c1cc3[nH]c([n]c3cc1)[C@@H]1[C@@H]3C[C@@H](CC3)N1C(=O)[C@@H](NC(=O)OC)C(C)C)CC2,0.4982861642140022
22,ARGININE,NC(=N)NCCC[C@H](N)C(O)=O,0.4950407027564414
3595,L-HOMOARGININE,NC(=N)NCCCC[C@H](N)C(O)=O,0.49382478055637846
10,OCTREOTIDE,C[C@@H](O)[C@@H]1NC(=O)[C@H](CCCCN)NC(=O)[C@@H](Cc2c[nH]c3ccccc23)NC(=O)[C@H](Cc2ccccc2)NC(=O)[C@H](CSSC[C@H](NC1=O)C(=O)N[C@H](CO)[C@@H](C)O)NC(=O)[C@H](N)Cc1ccccc1,0.492080708615131
5191,6-CARBAMIMIDOYL-2-[2-HYDROXY-6-(4-HYDROXY-PHENYL)-INDAN-1-YL]-HEXANOIC ACID,NC(=N)CCCC[C@H]([C@@H]1[C@@H](O)Cc2ccc(cc21)-c1ccc(O)cc1)C(O)=O,0.4917405720852281
3605,MORPHOLINE-4-CARBOXYLIC ACID [1-(2-BENZYLSULFANYL-1-FORMYL-ETHYLCARBAMOYL)-2-PHENYL-ETHYL]-AMIDE,O=C[C@H](CSCc1ccccc1)NC(=O)[C@H](Cc1ccccc1)NC(=O)N1CCOCC1,0.4892137663495383
8126,ACYLINE,C[C@@H](NC(=O)[C@@H]1CCCN1C(=O)[C@H](CCCCNC(C)C)NC(=O)[C@H](CC(C)C)NC(=O)[C@@H](Cc1ccc(cc1)NC(C)=O)NC(=O)[C@H](Cc1ccc(cc1)NC(C)=O)NC(=O)[C@H](CO)NC(=O)[C@@H](Cc1c[n]ccc1)NC(=O)[C@@H](Cc1ccc(Cl)cc1)NC(=O)[C@@H](Cc1cc2ccccc2cc1)NC(C)=O)C(N)=O,0.4867172175345308
10872,TAK-024,NC(=N)Nc1ccc(cc1)C(=O)NCC(=O)N1CCN(CC(O)=O)C(=O)[C@@H]1CCCNC(=O)c1ccc(cc1)NC(N)=N,0.48622786024486414
4549,VINTAFOLIDE,CN1[C@@H]2[C@]3(CCN4CC=C[C@@](CC)([C@@H](O)[C@]2(O)C(=O)NNC(=O)OCCSSC[C@H](NC(=O)[C@H](CC(O)=O)NC(=O)[C@H](CC(O)=O)NC(=O)[C@H](CCCNC(N)=N)NC(=O)[C@H](CC(O)=O)NC(=O)CC[C@H](NC(=O)c2ccc(cc2)NCC2=CNC5=NC(N)=NC(=O)C5=N2)C(O)=O)C(O)=O)[C@@H]34)c2cc(c(cc12)OC)[C@]1(C[C@@H]2C[C@](O)(C[N@](CCc3c1[nH]c1ccccc31)C2)CC)C(=O)OC,0.4856607683373586
12393,BLEOMYCETIN,Cc1c([n]c([n]c1N)[C@H](CC(N)=O)NC[C@H](N)C(N)=O)C(=O)NC([C@@H](O[C@H]1O[C@H](CO)[C@H](O)[C@@H](O)[C@H]1O[C@H]1O[C@H](CO)[C@@H](O)[C@@H](OC(N)=O)[C@@H]1O)c1c[nH]c[n]1)C(=O)N[C@H](C)[C@@H](O)[C@H](C)C(=O)N[C@@H]([C@@H](C)O)C(=O)NCCc1[n]c(c[s]1)-c1[n]c(c[s]1)C(=O)NCCCNCCCCN,0.4852055195959036
505,DEMECLOCYCLINE,CN(C)[C@H]1[C@@H]2C[C@@H]3[C@H](O)c4c(Cl)ccc(O)c4C(=O)C3=C(O)[C@]2(O)C(=O)C(C(N)=O)=C1O,0.4849898538432966
5267,N-(4-CARBAMIMIDOYLBENZYL)-1-(3-PHENYLPROPANOYL)-L-PROLINAMIDE,NC(=N)c1ccc(CNC(=O)[C@@H]2CCCN2C(=O)CCc2ccccc2)cc1,0.4813993519772402
9667,TIDIACIC ARGININE,NC(=N)NCCC[C@H](N)C(O)=O.OC(=O)C1NC(CS1)C(O)=O,0.47806183057245444
10820,DX-9065A,CC(=N)N1C[C@H](CC1)Oc1ccc(cc1)[C@H](Cc1cc2cc(ccc2cc1)C(N)=N)C(O)=O,0.4778530284633317
11,ABARELIX,CN([C@@H](Cc1ccc(O)cc1)C(=O)N[C@H](CC(N)=O)C(=O)N[C@@H](CC(C)C)C(=O)N[C@@H](CCCCNC(C)C)C(=O)N1CCC[C@H]1C(=O)N[C@H](C)C(N)=O)C(=O)[C@H](CO)NC(=O)[C@@H](Cc1c[n]ccc1)NC(=O)[C@@H](Cc1ccc(Cl)cc1)NC(=O)[C@@H](Cc1cc2ccccc2cc1)NC(C)=O,0.4776352650753949
4541,AMINOCANDIN,CCCCCCCCOc1ccc(cc1)-c1ccc(cc1)C(=O)N[C@H]1CC(CNC(=O)[C@@H]2[C@@H](O)[C@@H](C)CN2C(=O)[C@H](CO)NC(=O)[C@@H](NC(=O)[C@@H]2C[C@@H](O)CN2C(=O)[C@@H](NC1=O)[C@@H](C)O)[C@H](O)Cc1ccc(O)cc1)NCCN,0.47534457066623304
5413,N-[AMINO(IMINO)METHYL]-2-[2-(2-CHLOROPHENYL)-4-(4-PROPOXYPHENYL)-3-THIENYL]ACETAMIDE,CCCOc1ccc(cc1)-c1c[s]c(c1CC(=O)NC(N)=N)-c1ccccc1Cl,0.47199107313797584
5455,(S)-N-(4-CARBAMIMIDOYLBENZYL)-1-(3-CYCLOHEXYLPROPANOYL)PYRROLIDINE-2-CARBOXAMIDE,NC(=N)c1ccc(CNC(=O)[C@@H]2CCCN2C(=O)CCC2CCCCC2)cc1,0.4712931192239995
9175,ARGININE GLUTAMATE,NC(=N)NCCC[C@H](N)C(O)=O.N[C@@H](CCC(O)=O)C(O)=O,0.46875849329225533
10714,ZILUCOPLAN,CN([C@@H](CC(O)=O)C(=O)N[C@H](C(=O)N[C@@H](Cc1ccc(O)cc1)C(=O)N[C@@H](Cc1c[nH]c2[n]cccc12)C(=O)N[C@@H](CCC(O)=O)C(=O)N[C@@H](Cc1ccc(O)cc1)C(=O)N1CCC[C@H]1C(=O)N[C@@H](C1CCCCC1)C(=O)N[C@@H](CCCCNC(=O)CCOCCOCCOCCOCCOCCOCCOCCOCCOCCOCCOCCOCCOCCOCCOCCOCCOCCOCCOCCOCCOCCOCCOCCOCCNC(=O)CC[C@H](NC(=O)CCCCCCCCCCCCCCC)C(O)=O)C(O)=O)C(C)(C)C)C(=O)[C@@H]1CC(=O)NCCCC[C@H](NC(C)=O)C(=O)N[C@@H](C(C)C)C(=O)N[C@@H](CCC(O)=O)C(=O)N[C@@H](CCCNC(N)=N)C(=O)N[C@@H](Cc2ccccc2)C(=O)N1,0.46795025632401843
18490,PROTIRELIN,NC(=O)C1CCCN1C(=O)C(Cc1c[nH]c[n]1)NC(=O)C1CCC(=O)N1,0.46536938694497976
10470,COTADUTIDE,CCCCCCCCCCCCCCCC(=O)N[C@@H](CCC(=O)NCCCC[C@H](NC(=O)[C@H](CC(O)=O)NC(=O)[C@H](CO)NC(=O)[C@@H](NC(=O)[C@H](Cc1ccccc1)NC(=O)[C@@H](NC(=O)CNC(=O)[C@H](CCC(N)=O)NC(=O)[C@H](CO)NC(=O)[C@@H](N)Cc1c[nH]c[n]1)[C@@H](C)O)[C@@H](C)O)C(=O)N[C@@H](CO)C(=O)N[C@@H](CCC(O)=O)C(=O)N[C@@H](Cc1ccc(O)cc1)C(=O)N[C@@H](CC(C)C)C(=O)N[C@@H](CC(O)=O)C(=O)N[C@@H](CO)C(=O)N[C@@H](CCC(O)=O)C(=O)N[C@@H](CCCNC(N)=N)C(=O)N[C@@H](C)C(=O)N[C@@H](CCCNC(N)=N)C(=O)N[C@@H](CC(O)=O)C(=O)N[C@@H](Cc1ccccc1)C(=O)N[C@@H](C(C)C)C(=O)N[C@@H](C)C(=O)N[C@@H](Cc1c[nH]c2ccccc12)C(=O)N[C@@H](CC(C)C)C(=O)N[C@@H](CCC(O)=O)C(=O)N[C@@H](C)C(=O)NCC(=O)NCC(O)=O)C(O)=O,0.46347708994896114
4771,L-AMINOCARNITYL-SUCCINYL-LEUCYL-ARGININAL-DIETHYLACETAL,CC(C)C[C@H](NC(=O)CCC(=O)N[C@@H](C[N+](C)(C)C)CC([O-])=O)C(=O)N[C@@H](CCCNC(N)=N)C(OCC)OCC,0.462358731690883
20932,ZAPA,NC(=N)S/C=C\C(O)=O,0.46025511669346003
3919,NÎ‘-[(2S)-2-{[(S)-[(1S)-1-{[(BENZYLOXY)CARBONYL]AMINO}-2-PHENYLETHYL](HYDROXY)PHOSPHORYL]METHYL}-5-PHENYLPENTANOYL]-L-TRYPTOPHANAMIDE,NC(=O)[C@H](Cc1c[nH]c2ccccc12)NC(=O)[C@@H](CP(O)(=O)[C@@H](Cc1ccccc1)NC(=O)OCc1ccccc1)CCCc1ccccc1,0.45580794366299143
10762,SN-429,Cc1cc(C(=O)Nc2ccc(cc2)-c2ccccc2S(N)(=O)=O)[n]([n]1)-c1cc(ccc1)C(N)=N,0.45302861840280984
4694,ALPHA-CONOTOXIN VC 1.1,C[C@@H](CC)[C@@H]1NC(=O)[C@H](CCC(O)=O)NC(=O)[C@@H]2CCCN2C(=O)[C@H](Cc2c[nH]c[n]2)NC(=O)[C@H](CC(O)=O)NC(=O)[C@H](Cc2ccc(O)cc2)NC(=O)[C@H](CC(N)=O)NC(=O)[C@@H]2CSSC[C@H](NC(=O)CN)C(=O)N[C@@H](CSSC[C@H](NC1=O)C(N)=O)C(=O)N[C@@H](CO)C(=O)N[C@@H](CC(O)=O)C(=O)N1CCC[C@H]1C(=O)N[C@@H](CCCNC(N)=N)C(=O)N2,0.45203587124295713
2307,4-(HYDROXYMETHYL)BENZAMIDINE,NC(=N)c1ccc(CO)cc1,0.4482491143962796
5419,(S)-N-(4-CARBAMIMIDOYLBENZYL)-1-(3-CYCLOPENTYLPROPANOYL)PYRROLIDINE-2-CARBOXAMIDE,NC(=N)c1ccc(CNC(=O)[C@@H]2CCCN2C(=O)CCC2CCCC2)cc1,0.4466728932316564
5965,AC-(D)PHE-PRO-BOROLYS-OH,CC(=O)N[C@H](Cc1ccccc1)C(=O)N1CCC[C@H]1C(=O)N[C@@H](CCCCN)B(O)O,0.44518917650558804
5966,AC-(D)PHE-PRO-BOROHOMOLYS-OH,CC(=O)N[C@H](Cc1ccccc1)C(=O)N1CCC[C@H]1C(=O)N[C@@H](CCCCCN)B(O)O,0.44518917650558804
642,TETRACYCLINE,C[C@]1(O)[C@H]2C[C@H]3[C@@H](C(O)=C(C(N)=O)C(=O)[C@@]3(O)C(O)=C2C(=O)c2c1cccc2O)N(C)C,0.4446961733799074
4629,WX-UK1,Cl.CCOC(=O)N1CCN(CC1)C(=O)[C@H](Cc1cc(ccc1)C(N)=N)NS(=O)(=O)c1c(cc(cc1C(C)C)C(C)C)C(C)C,0.443013862435679
4991,BROSTALLICIN,C[n]1cc(cc1C(=O)Nc1cc(C(=O)Nc2cc(C(=O)Nc3cc(C(=O)NCCN=C(N)N)[n](C)c3)[n](C)c2)[n](C)c1)NC(=O)C(=C)Br,0.44097109804942725
9076,ROTIGAPTIDE,CC(=O)N[C@H](Cc1ccc(O)cc1)C(=O)N1CCC[C@@H]1C(=O)N1C[C@@H](O)C[C@@H]1C(=O)NCC(=O)N[C@H](C)C(=O)NCC(N)=O,0.440259036016128
5013,OTAMIXABAN,C[C@@H](NC(=O)c1ccc(cc1)-c1cc[n+]([O-])cc1)[C@@H](Cc1cc(ccc1)C(N)=N)C(=O)OC,0.43812520655506954
3646,D-ARGININE,NC(=N)NCCC[C@@H](N)C(O)=O,0.43631634148825915
3116,METHYL (2S)-2-[[2-[(3R)-1-CARBAMIMIDOYLPIPERIDIN-3-YL]ACETYL]AMINO]-3-[4-(2-PHENYLETHYNYL)PHENYL]PROPANOATE,COC(=O)[C@H](Cc1ccc(cc1)C#Cc1ccccc1)NC(=O)C[C@@H]1CN(CCC1)C(N)=N,0.4357317419813896
10513,ANTIPAIN,CC(C)[C@H](NC(=O)[C@H](CCCNC(N)=N)NC(=O)N[C@@H](Cc1ccccc1)C(O)=O)C(=O)N[C@@H](CCCNC(N)=N)C=O,0.434830139255465
4341,1-GUANIDINO-4-(N-NITRO-BENZOYLAMINO-L-LEUCYL-L-PROLYLAMINO)BUTANE,CC(C)C[C@H](NC(=O)c1ccc(cc1)[N+]([O-])=O)C(=O)N1CCC[C@H]1C(=O)NCCCCN=C(N)N,0.43355479613210585
9808,SEMAGLUTIDE,CC[C@H](C)[C@H](NC(=O)[C@H](Cc1ccccc1)NC(=O)[C@H](CCC(O)=O)NC(=O)[C@H](CCCCNC(=O)COCCOCCNC(=O)COCCOCCNC(=O)CC[C@@H](NC(=O)CCCCCCCCCCCCCCCCC(O)=O)C(O)=O)NC(=O)[C@H](C)NC(=O)[C@H](C)NC(=O)[C@H](CCC(N)=O)NC(=O)CNC(=O)[C@H](CCC(O)=O)NC(=O)[C@H](CC(C)C)NC(=O)[C@H](Cc1ccc(O)cc1)NC(=O)[C@H](CO)NC(=O)[C@H](CO)NC(=O)[C@@H](NC(=O)[C@H](CC(O)=O)NC(=O)[C@H](CO)NC(=O)[C@@H](NC(=O)[C@H](Cc1ccccc1)NC(=O)[C@@H](NC(=O)CNC(=O)[C@H](CCC(O)=O)NC(=O)C(C)(C)NC(=O)[C@@H](N)Cc1c[nH]c[n]1)[C@@H](C)O)[C@@H](C)O)C(C)C)C(=O)N[C@@H](C)C(=O)N[C@@H](Cc1c[nH]c2ccccc12)C(=O)N[C@@H](CC(C)C)C(=O)N[C@@H](C(C)C)C(=O)N[C@@H](CCCNC(N)=N)C(=O)NCC(=O)N[C@@H](CCCNC(N)=N)C(=O)NCC(O)=O,0.43319428857253733
5188,6-(2-HYDROXY-CYCLOPENTYL)-7-OXO-HEPTANAMIDINE,NC(=N)CCCC[C@@H](C=O)[C@H]1CCC[C@@H]1O,0.43263676839263177
10862,UPAMOSTAT,CCOC(=O)N1CCN(CC1)C(=O)[C@H](Cc1cc(ccc1)/C(/N)=N/O)NS(=O)(=O)c1c(cc(cc1C(C)C)C(C)C)C(C)C,0.4323306527085836
1549,HEMI-BABIM,NC(=N)c1cc2[n]c(Cc3[nH]c4ccccc4[n]3)[nH]c2cc1,0.43216645008934895
12832,CATHEPSIN-INHIBITOR-1,C[n]1[n]c(cc1C(=O)N[C@@H](Cc1cccc(Cl)c1)C(=O)NCC#N)C(C)(C)C,0.42980105163191545
10837,XEMILOFIBAN,CCOC(=O)C[C@@H](C#C)NC(=O)CCC(=O)Nc1ccc(cc1)C(N)=N,0.4279208135059796
3082,"(2S,3R)-2-[[4-(TERT-BUTYLCARBAMOYL)PIPERAZINE-1-CARBONYL]AMINO]-6-(DIAMINOMETHYLIDENEAMINO)-3-FORMYLHEXANOIC ACID",CC(C)(C)NC(=O)N1CCN(CC1)C(=O)N[C@@H]([C@@H](CCCN=C(N)N)C=O)C(O)=O,0.4277026086251361
14966,GABEXATE,CCOC(=O)c1ccc(cc1)OC(=O)CCCCCNC(N)=N,0.42498079487482193
5967,AC-(D)PHE-PRO-BOROHOMOORNITHINE-OH,CC(=O)N[C@H](Cc1ccccc1)C(=O)N1CCC[C@H]1C(=O)N[C@@H](CCCN)B(O)O,0.4208694296356843
10585,SOR-C13,CC(C)C[C@H](NC(=O)[C@H](CC(O)=O)NC(=O)[C@@H](NC(=O)[C@H](CCCCN)NC(=O)[C@H](CO)NC(=O)[C@@H]1CCCN1C(=O)[C@H](Cc1c[n]c[nH]1)NC(=O)[C@H](CC(C)C)NC(=O)[C@H](Cc1ccccc1)NC(=O)[C@H](CCC(O)=O)NC(=O)[C@@H](N)CCCCN)C(C)C)C(=O)N1CCC[C@H]1C(=O)N[C@@H](CCCNC(N)=N)C(O)=O,0.41899516869660025
20471,TXA127,CC(C)[C@H](NC(=O)[C@H](CCCNC(N)=N)NC(=O)[C@@H](N)CC(O)=O)C(=O)N[C@@H](Cc1ccc(O)cc1)C(=O)N[C@@H]([C@@H](C)CC)C(=O)N[C@@H](Cc1c[nH]c[n]1)C(=O)N1CCC[C@H]1C(O)=O,0.415257998713856
4676,LARAZOTIDE,CC(C)[C@H](NC(=O)CNC(=O)CN)C(=O)N[C@@H](CC(C)C)C(=O)N[C@@H](C(C)C)C(=O)N[C@@H](CCC(N)=O)C(=O)N1CCC[C@H]1C(=O)NCC(O)=O,0.4150551241983159
10765,XIMELAGATRAN,CCOC(=O)CNC(C1CCCCC1)C(=O)N1CCC1C(=O)NCc1ccc(cc1)C(N)=NO,0.411679636090546
4342,1-GUANIDINO-4-(N-PHENYLMETHANESULFONYL-L-LEUCYL-L-PROLYLAMINO)BUTANE,CC(C)C[C@H](NS(=O)(=O)Cc1ccccc1)C(=O)N1CCC[C@H]1C(=O)NCCCCN=C(N)N,0.405671949915291
16197,LIRAGLUTIDE,CCCCCCCCCCCCCCCC(=O)NC(CCC(=O)NCCCCC(NC(=O)C(C)NC(=O)C(C)NC(=O)C(CCC(N)=O)NC(=O)CNC(=O)C(CCC(O)=O)NC(=O)C(CC(C)C)NC(=O)C(Cc1ccc(O)cc1)NC(=O)C(CO)NC(=O)C(CO)NC(=O)C(NC(=O)C(CC(O)=O)NC(=O)C(CO)NC(=O)C(NC(=O)C(Cc1ccccc1)NC(=O)C(NC(=O)CNC(=O)C(CCC(O)=O)NC(=O)C(C)NC(=O)C(N)Cc1c[n]c[nH]1)C(C)O)C(C)O)C(C)C)C(=O)NC(CCC(O)=O)C(=O)NC(Cc1ccccc1)C(=O)NC(C(C)CC)C(=O)NC(C)C(=O)NC(Cc1c[nH]c2ccccc12)C(=O)NC(CC(C)C)C(=O)NC(C(C)C)C(=O)NC(CCCNC(N)=N)C(=O)NCC(=O)NC(CCCNC(N)=N)C(=O)NCC(O)=O)C(O)=O,0.40393997529257464
7970,ANGIOTENSIN 1-7,CC(C)[C@H](NC(=O)[C@H](CCCNC(N)=N)NC(=O)[C@@H](N)CC(O)=O)C(=O)N[C@@H](Cc1ccc(O)cc1)C(=O)N[C@@H]([C@@H](C)CC)C(=O)N[C@@H](Cc1c[n]c[nH]1)C(=O)N1CCC[C@H]1C(O)=O,0.4012690518442505
6106,4-({[4-(3-METHYLBENZOYL)PYRIDIN-2-YL]AMINO}METHYL)BENZENECARBOXIMIDAMIDE,Cc1cc(ccc1)C(=O)c1cc(NCc2ccc(cc2)C(N)=N)[n]cc1,0.39901961825902
9011,DEOXYSPERGUALIN,NC(=N)NCCCCCCC(=O)N[C@@H](O)C(=O)NCCCCNCCCN,0.3980087255853405
8773,GUSPERIMUS,NC(=N)NCCCCCCC(=O)NC(O)C(=O)NCCCCNCCCN,0.3980087255853405
4611,TALACTOFERRIN ALPHA,CC(C)C[C@H](NC(=O)[C@@H](N)Cc1ccc(O)cc1)C(=O)NCC(=O)N[C@@H](CO)C(=O)NCC(=O)N[C@@H](Cc1ccc(O)cc1)C(=O)OC,0.39728384730923255
6814,"4-[(3AS,4R,7R,8AS,8BR)-2-(1,3-BENZODIOXOL-5-YLMETHYL)-7-HYDROXY-1,3-DIOXODECAHYDROPYRROLO[3,4-A]PYRROLIZIN-4-YL]BENZENECARBOXIMIDAMIDE",NC(=N)c1ccc(cc1)[C@H]1[C@@H]2[C@H]([C@@H]3C[C@@H](O)C[N@@]31)C(=O)N(Cc1cc3OCOc3cc1)C2=O,0.39689758284166177
5181,N-CYCLOHEPTYLGLYCYL-N-(4-CARBAMIMIDOYLBENZYL)-L-PROLINAMIDE,NC(=N)c1ccc(CNC(=O)[C@@H]2CCCN2C(=O)CNC2CCCCCC2)cc1,0.3967503801383289
5178,(S)-N-(4-CARBAMIMIDOYLBENZYL)-1-(2-(CYCLOHEXYLAMINO)ETHANOYL)PYRROLIDINE-2-CARBOXAMIDE,NC(=N)c1ccc(CNC(=O)[C@@H]2CCCN2C(=O)CNC2CCCCC2)cc1,0.3967503801383289
5185,N-CYCLOOCTYLGLYCYL-N-(4-CARBAMIMIDOYLBENZYL)-L-PROLINAMIDE,NC(=N)c1ccc(CNC(=O)[C@@H]2CCCN2C(=O)CNC2CCCCCCC2)cc1,0.3967503801383289
5320,D-LEUCYL-N-(4-CARBAMIMIDOYLBENZYL)-L-PROLINAMIDE,CC(C)C[C@@H](N)C(=O)N1CCC[C@H]1C(=O)NCc1ccc(cc1)C(N)=N,0.39592516540986006
10850,STILBAMIDINE,NC(=N)c1ccc(cc1)/C=C/c1ccc(cc1)C(N)=N,0.39429536003284155
7105,TESAMORELIN,CC(O)[C@H](NC(=O)[C@H](Cc1ccccc1)NC(=O)[C@@H](NC(=O)[C@H](C)NC(=O)[C@H](CC(O)=O)NC(=O)[C@H](C)NC(=O)[C@H](Cc1ccc(O)cc1)NC(=O)C/C=C/CC)C(C)CC)C(=O)N[C@@H](CC(N)=O)C(=O)N[C@@H](CO)C(=O)N[C@@H](Cc1ccc(O)cc1)C(=O)N[C@@H](CCCNC(N)=N)C(=O)N[C@@H](CCCCN)C(=O)N[C@@H](C(C)C)C(=O)N[C@@H](CC(C)C)C(=O)NCC(=O)N[C@@H](CCC(N)=O)C(=O)N[C@@H](CC(C)C)C(=O)N[C@@H](CO)C(=O)N[C@@H](C)C(=O)N[C@@H](CCCNC(N)=N)C(=O)N[C@@H](CCCCN)C(=O)N[C@@H](CC(C)C)C(=O)N[C@@H](CC(C)C)C(=O)N[C@@H](CCC(N)=O)C(=O)N[C@@H](CC(O)=O)C(=O)N[C@@H](C(C)CC)C(=O)N[C@@H](CCSC)C(=O)N[C@@H](CO)C(=O)N[C@@H](CCCNC(N)=N)C(=O)N[C@@H](CCC(N)=O)C(=O)N[C@@H](CCC(N)=O)C(=O)NCC(=O)N[C@@H](CCC(N)=O)C(=O)N[C@@H](CO)C(=O)N[C@@H](CC(N)=O)C(=O)N[C@@H](CCC(N)=O)C(=O)N[C@@H](CCCNC(N)=N)C(=O)NCC(=O)N[C@@H](C)C(=O)N[C@@H](CCCNC(N)=N)C(=O)N[C@@H](C)C(=O)N[C@@H](CCCNC(N)=N)C(=O)N[C@@H](CC(C)C)C(N)=O,0.3934034777786466
10859,RPR-128515,C[C@@H](NC(=O)c1ccc(cc1)-c1cc(CN)ccc1)[C@@H](Cc1cc(ccc1)C(N)=N)C(=O)OC,0.38985444274643427
5170,"[(2R)-1-[(2S)-2-[[(2S,3S)-1-CHLORO-6-(DIAMINOMETHYLIDENEAMINO)-2-HYDROXYHEXAN-3-YL]CARBAMOYL]PYRROLIDIN-1-YL]-1-OXO-3-PHENYLPROPAN-2-YL]AZANIUM",NC(N)=NCCC[C@H](NC(=O)[C@@H]1CCCN1C(=O)[C@H]([NH3+])Cc1ccccc1)[C@H](O)CCl,0.38824725435460244
6292,ISOTHIAZOLIDINONE ANALOG,CC(=O)N[C@@H](Cc1ccccc1)C(=O)N[C@@H](Cc1ccc(cc1)[C@@H]1CC(=O)NS1(=O)=O)C(N)=O,0.3850850408368117
8444,DAREXABAN,CN1CCN(CCC1)c1ccc(cc1)C(=O)Nc1c(O)cccc1NC(=O)c1ccc(cc1)OC,0.3795067086224496
11796,AROTINOLOL,CC(C)(C)NCC(O)CSc1[n]c(c[s]1)-c1ccc([s]1)C(N)=O,0.3777347679022332
5395,"(R)-1-(4-(4-(HYDROXYMETHYL)-1,3,2-DIOXABOROLAN-2-YL)PHENETHYL)GUANIDINE",NC(N)=NCCc1ccc(cc1)B1O[C@H](CO)CO1,0.37446804602002814
5174,(S)-N-(4-CARBAMIMIDOYLBENZYL)-1-(2-(CYCLOPENTYLAMINO)ETHANOYL)PYRROLIDINE-2-CARBOXAMIDE,NC(=N)c1ccc(CNC(=O)[C@@H]2CCCN2C(=O)CNC2CCCC2)cc1,0.3720830634908253
4521,OBINEPITIDE,CC[C@H](C)[C@H](N=C(O)[C@H](Cc1ccc(O)cc1)N=C(O)[C@H](CCCNC(N)=N)N=C(O)[C@H](CCCNC(N)=N)N=C(O)[C@H](CC(C)C)N=C(O)[C@H](CC(O)=O)N=C(O)[C@H](C)N=C(O)[C@H](C)N=C(O)[C@H](Cc1ccc(O)cc1)N=C(O)[C@H](CCC(=N)O)N=C(O)[C@H](C)N=C(O)[C@H](CCSC)N=C(O)[C@H](CCC(=N)O)N=C(O)[C@H](CCC(O)=O)N=C(O)[C@@H]1CCCN1C(=O)[C@@H](N=C(O)[C@H](C)N=C(O)[C@H](CC(=N)O)N=C(O)[C@H](CC(O)=O)N=C(O)CN=C(O)[C@@H]1CCCN1C(=O)[C@H](Cc1ccc(O)cc1)N=C(O)[C@@H](N=C(O)[C@@H]1CCCN1C(=O)[C@H](CCC(O)=O)N=C(O)[C@H](CC(C)C)N=C(O)[C@@H]1CCCN1C(=O)[C@H](C)N)C(C)C)[C@@H](C)O)C(O)=N[C@@H](CC(=N)O)C(O)=N[C@@H](CCSC)C(O)=N[C@@H](CC(C)C)C(O)=N[C@@H]([C@@H](C)O)C(O)=N[C@@H](CCCNC(N)=N)C(O)=N[C@@H](CCC(=N)O)C(O)=N[C@@H](CCCNC(N)=N)C(O)=N[C@@H](Cc1ccc(O)cc1)C(=N)O,0.37083239521336947
10454,ALBUVIRTIDE,CC(=O)N[C@@H](Cc1c[nH]c2ccccc12)C(=O)N[C@@H](CCC(O)=O)C(=O)N[C@@H](CCC(O)=O)C(=O)N[C@@H](Cc1c[nH]c2ccccc12)C(=O)N[C@@H](CC(O)=O)C(=O)N[C@@H](CCCNC(N)=N)C(=O)N[C@@H](CCC(O)=O)C(=O)N[C@@H]([C@@H](C)CC)C(=O)N[C@@H](CC(N)=O)C(=O)N[C@@H](CC(N)=O)C(=O)N[C@@H](Cc1ccc(O)cc1)C(=O)N[C@@H]([C@@H](C)O)C(=O)N[C@@H](CCCCNC(=O)COCCOCCNC(=O)CCN1C(=O)C=CC1=O)C(=O)N[C@@H](CC(C)C)C(=O)N[C@@H]([C@@H](C)CC)C(=O)N[C@@H](Cc1c[nH]c[n]1)C(=O)N[C@@H](CCC(O)=O)C(=O)N[C@@H](CC(C)C)C(=O)N[C@@H]([C@@H](C)CC)C(=O)N[C@@H](CCC(O)=O)C(=O)N[C@@H](CCC(O)=O)C(=O)N[C@@H](CO)C(=O)N[C@@H](CCC(N)=O)C(=O)N[C@@H](CC(N)=O)C(=O)N[C@@H](CCC(N)=O)C(=O)N[C@@H](CCC(N)=O)C(=O)N[C@@H](CCC(O)=O)C(=O)N[C@@H](CCCCN)C(=O)N[C@@H](CC(N)=O)C(=O)N[C@@H](CCC(O)=O)C(=O)N[C@@H](CCC(N)=O)C(=O)N[C@@H](CCC(O)=O)C(=O)N[C@@H](CC(C)C)C(=O)N[C@@H](CC(C)C)C(N)=O,0.3677652040462734
294,CERULETIDE,C[C@@H](O)[C@H](NC(=O)[C@H](Cc1ccc(cc1)OS(O)(=O)=O)NC(=O)[C@H](CC(O)=O)NC(=O)[C@H](CCC(N)=O)NC(=O)[C@@H]1CCC(=O)N1)C(=O)NCC(=O)N[C@@H](Cc1c[nH]c2ccccc12)C(=O)N[C@@H](CCSC)C(=O)N[C@@H](CC(O)=O)C(=O)N[C@@H](Cc1ccccc1)C(N)=O,0.3659643956658574
10838,DMP-802,Cc1[n]oc(C)c1S(=O)(=O)N[C@@H](CNC(=O)C[C@H]1CC(=NO1)c1ccc(cc1)C(N)=N)C(O)=O,0.3634134030431755
8958,MEROTOCIN,CC(C)C[C@H](NC(=O)CN(Cc1ccc(F)cc1)C(=O)[C@@H]1CSCCCC(=O)N[C@@H](Cc2ccc(O)cc2)C(=O)N[C@@H]([C@@H](C)CC)C(=O)N[C@@H](CCC(N)=O)C(=O)N[C@@H](CC(N)=O)C(=O)N1)C(=O)NCC(N)=O,0.35856362758556704
409,BENTIROMIDE,OC(=O)c1ccc(cc1)NC(=O)[C@H](Cc1ccc(O)cc1)NC(=O)c1ccccc1,0.3581383684772132
1897,"S,S'-(1,4-PHENYLENE-BIS(1,2-ETHANEDIYL))BIS-ISOTHIOUREA",NC(=N)SCCc1ccc(CCSC(N)=N)cc1,0.35775315065990826
3852,CRA_23653,NC(=N)c1cc2[nH]c([n]c2cc1)-c1cc(CC[NH3+])cc(c1O)-c1ccccc1,0.35626127850128614
16930,MOROXYDINE,NC(=N)NC(=N)N1CCOCC1,0.35501400287161766
5225,1-[4-(HYDROXYMETHYL)PHENYL]GUANIDINE,NC(=N)Nc1ccc(CO)cc1,0.3530839427664659
5272,1-[(2R)-2-AMINOBUTANOYL]-N-(4-CARBAMIMIDOYLBENZYL)-L-PROLINAMIDE,CC[C@@H](N)C(=O)N1CCC[C@H]1C(=O)NCc1ccc(cc1)C(N)=N,0.350823981373563
2276,"6-[N-(4-ETHYL-1,2,3,4-TETRAHYDRO-6-ISOQUINOLINYL)CARBAMYL]-2-NAPHTHALENECARBOXAMIDINE",CC[C@H]1CNCc2ccc(cc21)NC(=O)c1cc2ccc(cc2cc1)C(N)=N,0.34624275520211983
4362,"2,5-O,O-BIS-{4',4''-AMIDINOPHENYL}-1,4:3,6-DIANHYDRO-D-SORBITOL",NC(=N)c1ccc(cc1)O[C@H]1CO[C@H]2[C@@H]1OC[C@H]2Oc1ccc(cc1)C(N)=N,0.3440113621168253
4763,FRIULIMICIN B,CC(C)CCCCCCC/C=C\CC(=O)N[C@@H](CC(N)=O)C(=O)N[C@H]1[C@H](C)NC(=O)[C@@H]2CCCN2C(=O)[C@@H](NC(=O)[C@H](NC(=O)CNC(=O)[C@H](CC(O)=O)NC(=O)CNC(=O)[C@H](CC(O)=O)NC(=O)[C@@H](NC(=O)[C@H]2CCCCN2C1=O)[C@H](C)C(O)=O)[C@@H](C)N)C(C)C,0.343613765332191
9879,TASPOGLUTIDE,CC[C@H](C)[C@H](NC(=O)[C@H](Cc1ccccc1)NC(=O)[C@H](CCC(O)=O)NC(=O)[C@H](CCCCN)NC(=O)[C@H](C)NC(=O)[C@H](C)NC(=O)[C@H](CCC(N)=O)NC(=O)CNC(=O)[C@H](CCC(O)=O)NC(=O)[C@H](CC(C)C)NC(=O)[C@H](Cc1ccc(O)cc1)NC(=O)[C@H](CO)NC(=O)[C@H](CO)NC(=O)[C@@H](NC(=O)[C@H](CC(O)=O)NC(=O)[C@H](CO)NC(=O)[C@@H](NC(=O)[C@H](Cc1ccccc1)NC(=O)[C@@H](NC(=O)CNC(=O)[C@H](CCC(O)=O)NC(=O)C(C)(C)NC(=O)[C@@H](N)Cc1c[nH]c[n]1)[C@@H](C)O)[C@@H](C)O)C(C)C)C(=O)N[C@@H](C)C(=O)N[C@@H](Cc1c[nH]c2ccccc12)C(=O)N[C@@H](CC(C)C)C(=O)N[C@@H](C(C)C)C(=O)N[C@@H](CCCCN)C(=O)NC(C)(C)C(=O)N[C@@H](CCCNC(N)=N)C(N)=O,0.34355422556269555
9716,DEMOXYTOCIN,CC(C)C[C@H](NC(=O)[C@@H]1CCCN1C(=O)[C@@H]1CSSCCC(=O)N[C@@H](Cc2ccc(O)cc2)C(=O)N[C@@H]([C@@H](C)CC)C(=O)N[C@@H](CCC(N)=O)C(=O)N[C@@H](CC(N)=O)C(=O)N1)C(=O)NCC(N)=O,0.34328244412493963
12381,BIVALIRUDIN,CC(C)C[C@H](NC(=O)[C@H](Cc1ccc(O)cc1)NC(=O)[C@H](CCC(O)=O)NC(=O)[C@H](CCC(O)=O)NC(=O)[C@@H]1CCCN1C(=O)[C@@H](NC(=O)[C@H](CCC(O)=O)NC(=O)[C@H](CCC(O)=O)NC(=O)[C@H](Cc1ccccc1)NC(=O)[C@H](CC(O)=O)NC(=O)CNC(=O)[C@H](CC(N)=O)NC(=O)CNC(=O)CNC(=O)CNC(=O)CNC(=O)[C@@H]1CCCN1C(=O)[C@H](CCCNC(N)=N)NC(=O)[C@@H]1CCCN1C(=O)[C@H](N)Cc1ccccc1)[C@@H](C)CC)C(O)=O,0.340694131663708
9027,4-ISOTHIOUREIDOBUTYRONITRILE,NC(=N)SCCCC#N,0.33850483403353004
10471,MIBENRATIDE,CC(C)[C@@H]1NC(=O)[C@H](Cc2ccccc2)NC(=O)[C@H](CC(O)=O)NC(=O)[C@H](CO)NC(=O)[C@@H]2CSSC[C@H](NC(=O)[C@H](CCCNC(N)=N)NC(=O)[C@H](CCCNC(N)=N)NC(=O)[C@H](C)NC(=O)[C@H](CCC(O)=O)NC(=O)[C@H](CC(O)=O)NC(=O)[C@H](C)NC(=O)[C@H](CCC(N)=O)NC1=O)C(=O)N[C@@H](Cc1ccc(O)cc1)C(=O)N[C@@H](CC(N)=O)C(=O)N[C@@H](CC(O)=O)C(=O)N1CCC[C@H]1C(=O)N[C@@H](CCCCN)C(=O)N2,0.33494743332605204
11741,APIXABAN,COc1ccc(cc1)-[n]1[n]c(C(N)=O)c2CCN(c3ccc(cc3)N3CCCCC3=O)C(=O)c12,0.3342346977707817
5021,DIAPEP 277,CC[C@H](C)[C@H](N=C(O)[C@@H](N=C(O)[C@H](CCCNC(N)=N)N=C(O)[C@H](CC(C)C)N=C(O)[C@H](CC(C)C)N=C(O)[C@H](C)N=C(O)[C@@H](N=C(O)CN=C(O)CN=C(O)CN=C(O)[C@H](CC(C)C)N=C(O)[C@@H](N)C(C)C)C(C)C)C(C)C)C(=O)N1CCC[C@H]1C(O)=N[C@@H](C)C(O)=N[C@@H](CC(C)C)C(O)=N[C@@H](CC(O)=O)C(O)=N[C@@H](CO)C(O)=N[C@@H](CC(C)C)C(O)=N[C@@H]([C@@H](C)O)C(=O)N1CCC[C@H]1C(O)=N[C@@H](C)C(O)=N[C@@H](CC(=N)O)C(O)=N[C@@H](CCC(O)=O)C(O)=N[C@@H](CC(O)=O)C(O)=O,0.3308934932467961
13566,CYANOCOBALAMIN,"CC1(C)[C@H](CCC(N)=O)C2N=C1C=C1N=C(C(C)=C3[C@@H](CCC(N)=O)[C@](C)(CC(N)=O)[C@](C)([C@@H]4N=C(C=2C)[C@](C)(CCC(=O)NC[C@@H](C)OP(O)(=O)O[C@@H]2[C@@H](CO)O[C@@H]([C@@H]2O)[n]2c[n]c5cc(C)c(C)cc25)[C@H]4CC(N)=O)N3[Co+]C#N)[C@@](C)(CC(N)=O)[C@@H]1CCC(N)=O |c:13,t:18,37|",0.33019758971371077
4490,RAMOPLANIN,CC(C)C[C@@H]1NC(=O)CNC(=O)[C@@H](NC(=O)[C@H](NC(=O)[C@@H](NC(=O)[C@@H](CCCN)NC(=O)[C@@H](Cc2ccccc2)NC(=O)[C@@H](NC(=O)[C@H](NC(=O)[C@H](NC(=O)[C@H](NC(=O)[C@@H](CCCN)NC(=O)[C@H](NC(=O)[C@@H](NC(=O)[C@@H](CC(N)=O)NC(=O)/C=C\C=C/CC(C)C)[C@@H](OC(=O)[C@H](NC(=O)[C@H](C)NC1=O)c1cc(Cl)c(O)cc1)C(N)=O)c1ccc(O)cc1)[C@@H](C)O)c1ccc(O)cc1)c1ccc(O)cc1)[C@H](C)O)c1ccc(cc1)O[C@@H]1O[C@H](CO)[C@@H](O)[C@H](O)[C@@H]1O[C@H]1O[C@H](CO)[C@@H](O)[C@H](O)[C@@H]1O)[C@@H](C)O)c1ccc(O)cc1,0.32933108310765524
1838,BIS-BENZAMIDINE,NC(=N)c1ccc(C[C@@H]2CCCC[C@@H](Cc3ccc(cc3)C(N)=N)C2=O)cc1,0.32575024445892936
5821,4-(5-BENZENESULFONYLAMINO-1-METHYL-1H-BENZOIMIDAZOL-2-YLMETHYL)-BENZAMIDINE,C[n]1c(Cc2ccc(cc2)C(N)=N)[n]c2cc(ccc12)NS(=O)(=O)c1ccccc1,0.32453681556996067
13964,DIMAPRIT,CN(C)CCCSC(N)=N,0.32401611802958435
5430,SKF-91488,CN(C)CCCCSC(N)=N,0.32401611802958435
1821,CRA_16847,NC(=N)c1cc2[nH]c([n]c2cc1)-c1cc(cc(Br)c1[O-])[C@@H](CC([O-])=O)C(O)=O,0.3235924807929983
10567,EC-0652,N[C@@H](CNC(=O)[C@H](Cc1ccccc1)NC(=O)[C@H](Cc1ccccc1)NC(=O)CCCCCCCNC(=O)CC[C@H](NC(=O)N[C@@H](CCC(O)=O)C(O)=O)C(O)=O)C(=O)N[C@@H](CC(O)=O)C(=O)N[C@@H](CS)C(O)=O,0.32182588817539254
7019,[N-(BENZYLOXYCARBONYL)AMINO](4-AMIDINOPHENYL)METHANE-PHOSPHONATE,NC(=N)c1ccc(cc1)[C@H](NC(=O)OCc1ccccc1)P(O)(O)=O,0.31939259440323553
10815,ATECEGATRAN,NC(=N)c1ccc(CNC(=O)C2CCN2C(=O)[C@H](O)c2cc(Cl)cc(c2)OC(F)F)cc1,0.3182359772248557
8197,OPROZOMIB,Cc1[n]cc([s]1)C(=O)N[C@@H](COC)C(=O)N[C@@H](COC)C(=O)N[C@@H](Cc1ccccc1)C(=O)[C@@]1(C)CO1,0.31462676532595724
2890,BIS(5-AMIDINO-2-BENZIMIDAZOLYL)METHANE KETONE,NC(=N)c1cc2[nH]c([n]c2cc1)C(=O)c1[nH]c2ccc(cc2[n]1)C([NH3+])=[NH2+],0.3138751313754598
10823,JTV-803,NC(=N)N1Cc2cc(ccc2CC1)OCC1(CCN(CC1)c1cc[n]cc1)C(O)=O,0.30933778674139056
8202,THYMOPENTIN,CC(C)C(NC(=O)[C@H](CC(O)=O)NC(=O)[C@H](CCCCN)NC(=O)[C@@H](N)CCCN=C(N)N)C(=O)N[C@@H](Cc1ccc(O)cc1)C(O)=O,0.3077719730149051
7084,AGMATINE,NCCCCNC(N)=N,0.30490089550744676
1841,CRA_17312,COc1ccccc1-c1cc(cc(-c2[nH]c3cc(ccc3[n]2)C(N)=N)c1[O-])[C@@H](CC([O-])=O)C(O)=O,0.30161297122291064
10764,MELAGATRAN,NC(=N)c1ccc(CNC(=O)[C@@H]2CCN2C(=O)[C@H](NCC(O)=O)C2CCCCC2)cc1,0.3011541138289406
11502,AMBAZONE,NC(=N)N=Nc1ccc(cc1)NNC(=N)S,0.300608619007232
4904,TARIBAVIRIN,NC(=N)c1[n][n](c[n]1)[C@@H]1O[C@H](CO)[C@@H](O)[C@H]1O,0.2992778108869938
13745,DEBRISOQUIN,NC(=N)N1Cc2ccccc2CC1,0.29733465861593084
1649,BIS(5-AMIDINO-2-BENZIMIDAZOLYL)METHANONE,NC(=N)c1cc2[n]c([nH]c2cc1)C(=O)c1[nH]c2cc(ccc2[n]1)C(N)=N,0.29614509614357376
2706,CRA_1801,NC(=N)c1cc2[nH]c([n]c2cc1)-c1[n]cccc1O,0.2960666178885268
8839,SOMATOPRIM,C[C@@H](O)[C@@H]1NC(=O)[C@H](CCCCN)NC(=O)[C@@H](Cc2c[nH]c3ccccc23)NC(=O)[C@H](Cc2c[nH]c3ccccc23)NC(=O)[C@H](Cc2ccccc2)NC(=O)CCCNC(=O)CCCN(CC(N)=O)C(=O)[C@H](Cc2ccccc2)NC1=O,0.292408959888917
4470,ORITAVANCIN,CC(C)C[C@@H](NC)C(=O)N[C@@H]1[C@H](O)c2ccc(Oc3cc4cc(Oc5ccc(cc5Cl)[C@@H](O[C@H]5C[C@](C)(N)[C@@H](O)[C@H](C)O5)[C@@H]5NC(=O)[C@H](NC(=O)[C@@H]4NC(=O)[C@H](CC(N)=O)NC1=O)c1ccc(O)c(c1)-c1c(cc(O)cc1O)[C@H](NC5=O)C(O)=O)c3O[C@@H]1O[C@H](CO)[C@@H](O)[C@H](O)[C@H]1O[C@H]1C[C@](C)(NCc3ccc(cc3)-c3ccc(Cl)cc3)[C@@H](O)[C@H](C)O1)c(Cl)c2,0.2872178481595449
5254,1-BUTANOYL-N-(4-CARBAMIMIDOYLBENZYL)-L-PROLINAMIDE,CCCC(=O)N1CCC[C@H]1C(=O)NCc1ccc(cc1)C(N)=N,0.28569885096673336
14946,FURAMIDINE,NC(=N)c1ccc(cc1)-c1ccc(o1)-c1ccc(cc1)C(N)=N,0.28497455720383214
4168,(2R)-({4-[AMINO(IMINO)METHYL]PHENYL}AMINO){5-ETHOXY-2-FLUORO-3-[(3R)-TETRAHYDROFURAN-3-YLOXY]PHENYL}ACETICACID,CCOc1cc([C@@H](Nc2ccc(cc2)C(N)=N)C(O)=O)c(F)c(c1)O[C@H]1COCC1,0.2805603299559898
7322,SINCALIDE,CSCC[C@H](NC(=O)[C@H](Cc1c[nH]c2ccccc12)NC(=O)CNC(=O)[C@H](CCSC)NC(=O)[C@H](Cc1ccc(cc1)OS(O)(=O)=O)NC(=O)[C@@H](N)CC(O)=O)C(=O)N[C@@H](CC(O)=O)C(=O)N[C@@H](Cc1ccccc1)C(N)=O,0.27991298300545053
4363,"1,4:3,6-DIANHYDRO-2-O-(3-CARBAMIMIDOYLPHENYL)-5-O-(4-CARBAMIMIDOYLPHENYL)-D-GLUCITOL",NC(=N)c1cc(ccc1)O[C@H]1CO[C@H]2[C@@H]1OC[C@H]2Oc1ccc(cc1)C(N)=N,0.2752513647470368
4361,"2-O-(4'-AMIDINOPHENYL)-5-O-(3''-AMIDINOPHENYL)-1,4:3,6-DIANHYDRO-D-SORBITOL",NC(=N)c1cc(ccc1)O[C@@H]1CO[C@H]2[C@@H]1OC[C@@H]2Oc1ccc(cc1)C(N)=N,0.2752513647470368
11299,ADAPTAVIR,C[C@@H](N)C(=O)N[C@@H](CO)C(=O)N[C@@H]([C@@H](C)O)C(=O)N[C@@H]([C@@H](C)O)C(=O)N[C@@H]([C@@H](C)O)C(=O)N[C@@H](CC(N)=O)C(=O)N[C@@H](Cc1ccc(O)cc1)C(=O)N[C@@H]([C@@H](C)O)C(N)=O,0.27498506585183546
3868,"(10R)-10-FORMYL-5,8,10-TRIDEAZAFOLIC ACID",NC1Nc2ccc(C[C@H](c3ccc(cc3)C(=O)N[C@@H](CCC(O)=O)C(O)=O)C(O)=O)cc2C(=O)N=1,0.2737667370399501
2265,"10-FORMYL-5,8,10-TRIDEAZAFOLIC ACID",NC1Nc2ccc(C[C@@H](c3ccc(cc3)C(=O)N[C@@H](CCC(O)=O)C(O)=O)C(O)=O)cc2C(=O)N=1,0.2737667370399501
12357,BISINDOLYLMALEIMIDE-IX,C[n]1cc(C2=C(c3c[n](CCCSC(N)=N)c4ccccc34)C(=O)NC2=O)c2ccccc12,0.2722076180673156
2132,6-[N-(4-(AMINOMETHYL)PHENYL)CARBAMYL]-2-NAPHTHALENECARBOXAMIDINE,NC(=N)c1cc2ccc(cc2cc1)C(=O)Nc1ccc(CN)cc1,0.26879467395454193
5717,1-ETHOXYCARBONYL-D-PHE-PRO-2(4-AMINOBUTYL)HYDRAZINE,CCOC(=O)N[C@H](Cc1ccccc1)C(=O)N1CCC[C@H]1C(=O)NNCCCCN,0.2661594872869734
14206,E-64,CC(C)C[C@H](NC(=O)[C@@H]1O[C@H]1C(O)=O)C(=O)NCCCCN=C(N)N,0.2650617850756472
3629,ZINC;[AMINO-[2-[[5-[AMINO(AZANIUMYLIDENE)METHYL]BENZIMIDAZOL-1-ID-2-YL]METHYL]BENZIMIDAZOL-1-ID-5-YL]METHYLIDENE]AZANIUM,[Zn+2].NC(=[NH2+])c1cc2[n]c(Cc3[n-]c4ccc(cc4[n]3)C(N)=[NH2+])[n-]c2cc1,0.26389704103122763
20088,THIOSTREPTON,C[C@](O)([C@@H]1NC(=O)[C@H]2CSC(=N2)/C(=C/C)/NC(=O)[C@@H](NC(=O)c2c[s]c([n]2)[C@@]23CCC(=N[C@@H]2c2c[s]c([n]2)[C@@H](NC(=O)c2c[s]c1[n]2)[C@@H](C)OC(=O)c1cc([C@H](C)O)c2C=C[C@@H](N[C@@H]([C@@H](C)CC)C(=O)N[C@@H](C)C(=O)NC(=C)C(=O)N[C@@H](C)C(=O)N3)[C@H](O)c2[n]1)c1[n]c(c[s]1)C(=O)NC(=C)C(=O)NC(=C)C(N)=O)[C@@H](C)O)[C@@H](C)O,0.26356615645892745
10825,RPR-208566,C[C@@H](NC(=O)c1ccc(cc1)-c1cc(OC)c(cc1)OC)[C@@H](Cc1cc(ccc1)C(N)=N)C(=O)OC,0.2632247968976035
184,BLEOMYCIN,Cc1c([n]c([n]c1N)[C@H](CC(N)=O)NC[C@H](N)C(N)=O)C(=O)N[C@@H]([C@@H](OC1OC(CO)C(O)C(O)C1OC1OC(CO)C(O)C(OC(N)=O)C1O)c1c[nH]c[n]1)C(=O)N[C@H](C)[C@@H](O)[C@H](C)C(=O)N[C@@H]([C@@H](C)O)C(=O)NCCc1[n]c(c[s]1)-c1[n]c(c[s]1)C(=O)NCCC[S+](C)C,0.263145205657764
5529,2-(4-HYDROXY-5-PHENYL-1H-PYRAZOL-3-YL)-1H-BENZOIMIDAZOLE-5-CARBOXAMIDINE,NC(=N)c1cc2[n]c([nH]c2cc1)-c1[n][nH]c(c1O)-c1ccccc1,0.2623536550032425
10839,SDZ-GPI-562,CC(C)CC(=O)N[C@@H](CCCCNC(=O)c1ccc(cc1)C(N)=N)CC(O)=O,0.26110339466467897
5812,"N-(4-{[AMINO(IMINO)METHYL]AMINO}BUTYL)-2,4'-BI-1,3-THIAZOLE-4-CARBOXAMIDE",NC(N)=NCCCCNC(=O)c1c[s]c([n]1)-c1c[s]c[n]1,0.2600180397216971
1610,CANAVANINE,NC(=N)NOCC[C@H](N)C(O)=O,0.2580254669707081
6988,NALPHA-[(BENZYLOXY)CARBONYL]-N-[(1R)-4-HYDROXY-1-METHYL-2-OXOBUTYL]-L-PHENYLALANINAMIDE,C[C@@H](NC(=O)[C@H](Cc1ccccc1)NC(=O)OCc1ccccc1)C(=O)CCO,0.25647119141369834
9130,BMS-986115,Cc1cccc2C(=N[C@H](NC(=O)[C@H](CCC(F)(F)F)[C@H](CCC(F)(F)F)C(N)=O)C(=O)Nc21)c1cc(F)ccc1,0.25358522259622773
4108,N-(3-CARBOXYPROPANOYL)-L-PHENYLALANYL-3-CARBOXY-O-(CARBOXYMETHYL)-N-PENTYL-L-TYROSINAMIDE,CCCCCNC(=O)[C@H](Cc1cc(c(cc1)OCC(O)=O)C(O)=O)NC(=O)[C@H](Cc1ccccc1)NC(=O)CCC(O)=O,0.24940533796672298
5183,6-FLUORO-2-[2-HYDROXY-3-(2-METHYL-CYCLOHEXYLOXY)-PHENYL]-1H-INDOLE-5-CARBOXAMIDINE,C[C@H]1CCCC[C@@H]1Oc1cccc(-c2cc3cc(c(F)cc3[nH]2)C(N)=N)c1O,0.24854219653875706
12313,BIBN4096,NCCCC[C@H](NC(=O)[C@@H](Cc1cc(Br)c(O)c(Br)c1)NC(=O)N1CCC(CC1)N1Cc2ccccc2NC1=O)C(=O)N1CCN(CC1)c1cc[n]cc1,0.2435578010688047
10763,RAZAXABAN ,CN(C)Cc1[n]cc[n]1-c1cc(F)c(cc1)NC(=O)c1cc([n][n]1-c1cc2c(N)[n]oc2cc1)C(F)(F)F,0.24316656639683484
10848,ANATIBANT,,0.24276324622495507
19007,S-ISOPROPYLISOTHIOUREA,CC(C)SC(N)=N,0.24207124916827671
10813,BMS-654457,CC(C)CC(=O)Nc1cc(cc(c1)-c1ccc(cc1C(O)=O)C(N)=O)[C@@H]1C[C@@](C)(c2cc(ccc2N1)C(N)=N)c1ccccc1,0.23736122053974593
3904,BIS(5-AMIDINO-2-BENZIMIDAZOLYL)METHANE KETONE HYDRATE,NC(=N)c1cc2[nH]c([n]c2cc1)C(O)(O)c1[nH]c2cc(ccc2[n]1)C([NH3+])=[NH2+],0.2369605713230919
20719,VIOMYCIN,N[C@H](CC(=O)N[C@H]1CNC(=O)[C@@H](NC(=O)/C(=C/NC(N)=O)/NC(=O)[C@H](CO)NC(=O)[C@H](CO)NC1=O)C1C[C@H](O)N=C(N)N1)CCCN,0.23498796122255494
2190,4-GUANIDINOBENZOIC ACID,NC(=N)Nc1ccc(cc1)C(O)=O,0.23486110915267314
1510,"2-{2-HYDROXY-[1,1'-BIPHENYL]-3-YL}-1H-1,3-BENZODIAZOLE-5-CARBOXIMIDAMIDE",NC(=N)c1cc2[n]c([nH]c2cc1)-c1cccc(c1O)-c1ccccc1,0.23230322678542595
10464,LIVOLETIDE,CC(C)[C@@H]1NC(=O)[C@H](CCCNC(N)=N)NC(=O)[C@H](CCC(N)=O)NC(=O)[C@H](Cc2c[n]c[nH]2)NC(=O)[C@H](CCC(O)=O)NC(=O)[C@@H]2CCCN2C(=O)[C@H](CO)NC(=O)[C@H](CCC(N)=O)NC1=O,0.23110983965826526
10863,ROXIFIBAN,COC(=O)[C@H](CNC(=O)C[C@H]1CC(=NO1)c1ccc(cc1)C(N)=N)NC(=O)OCCCC,0.22415605412712086
1778,AMIDO PHENYL PYRUVIC ACID,NC(=N)c1ccc(CC(=O)C(O)=O)cc1,0.2231132300499352
3047,L-TYROSINAMIDE,NC(=O)[C@@H](N)Cc1ccc(O)cc1,0.22264425647680244
3536,"S,S'-(1,3-PHENYLENE-BIS(1,2-ETHANEDIYL))BIS-ISOTHIOUREA",NC(=N)SCCc1cc(CCSC(N)=N)ccc1,0.22141090754302545
6407,"1,1,1-TRIFLUORO-3-((N-ACETYL)-L-LEUCYLAMIDO)-4-PHENYL-BUTAN-2-ONE(N-ACETYL-L-LEUCYL-L-PHENYLALANYL TRIFLUOROMETHYL KETONE)",CC(=O)N[C@@H](CC(C)C)C(=O)N[C@@H](Cc1ccccc1)C(=O)C(F)(F)F,0.21995606449657576
5127,LANREOTIDE,CC(C)C1NC(=O)C(CCCCN)NC(=O)C(Cc2c[nH]c3ccccc23)NC(=O)C(Cc2ccc(O)cc2)NC(=O)C(CSSCC(NC1=O)C(=O)NC(C(C)O)C(N)=O)NC(=O)C(N)Cc1cc2ccccc2cc1,0.2192514156144117
15255,GUANADREL,NC(=N)NCC1COC2(CCCCC2)O1,0.2165368832191499
10895,1-PHENYLBIGUANIDE,NC(=N)NC(=N)Nc1ccccc1,0.2147626564022713
10212,SOLRIAMFETOL,NC(=O)OC[C@H](N)Cc1ccccc1,0.21347495936902225
5959,N-ACETYL-L-PHENYLALANYL-4-[DIFLUORO(PHOSPHONO)METHYL]-L-PHENYLALANINAMIDE,CC(=O)N[C@@H](Cc1ccccc1)C(=O)N[C@@H](Cc1ccc(cc1)C(F)(F)P(O)(O)=O)C(N)=O,0.2122946741804679
7206,ENVIOMYCIN,N[C@H](CC(=O)N[C@H]1CNC(=O)[C@@H](NC(=O)/C(=C/NC(N)=O)/NC(=O)[C@H](CO)NC(=O)[C@H](CO)NC1=O)[C@H]1CCN=C(N)N1)[C@H](O)CCN,0.21214177207852647
11854,ASPARTAME,COC(=O)[C@H](Cc1ccccc1)NC(=O)[C@@H](N)CC(O)=O,0.20831961632544413
1644,[1-(1-BENZYL-3-HYDROXY-2-OXO-PROPYLCARBAMOYL)-2-PHENYL-ETHYL]-CARBAMIC ACID BENZYL ESTER,OCC(=O)[C@H](Cc1ccccc1)NC(=O)[C@H](Cc1ccccc1)NC(=O)OCc1ccccc1,0.20677433957046784
20824,WWL-123,CN(Cc1cc(ccc1)-c1ccccc1)C(=O)Oc1ccc(cc1)-c1ccc(cc1)C(N)=O,0.20528808525872214
15257,GUANETHIDINE,NC(=N)NCCN1CCCCCCC1,0.20353304088816945
4603,TIFUVIRTIDE,CC(=O)N[C@@H](Cc1c[nH]c2ccccc12)C(=O)N[C@@H](CCC(N)=O)C(=O)N[C@@H](CCC(O)=O)C(=O)N[C@@H](Cc1c[nH]c2ccccc12)C(=O)N[C@@H](CCC(O)=O)C(=O)N[C@@H](CCC(N)=O)C(=O)N[C@@H](CCCCN)C(=O)N[C@@H]([C@@H](C)CC)C(=O)N[C@@H]([C@@H](C)O)C(=O)N[C@@H](C)C(=O)N[C@@H](CC(C)C)C(=O)N[C@@H](CC(C)C)C(=O)N[C@@H](CCC(O)=O)C(=O)N[C@@H](CCC(N)=O)C(=O)N[C@@H](C)C(=O)N[C@@H](CCC(N)=O)C(=O)N[C@@H]([C@@H](C)CC)C(=O)N[C@@H](CCC(N)=O)C(=O)N[C@@H](CCC(N)=O)C(=O)N[C@@H](CCC(O)=O)C(=O)N[C@@H](CCCCN)C(=O)N[C@@H](CC(N)=O)C(=O)N[C@@H](CCC(O)=O)C(=O)N[C@@H](Cc1ccc(O)cc1)C(=O)N[C@@H](CCC(O)=O)C(=O)N[C@@H](CC(C)C)C(=O)N[C@@H](CCC(N)=O)C(=O)N[C@@H](CCCCN)C(=O)N[C@@H](CC(C)C)C(=O)N[C@@H](CC(O)=O)C(=O)N[C@@H](CCCCN)C(=O)N[C@@H](Cc1c[nH]c2ccccc12)C(=O)N[C@@H](C)C(=O)N[C@@H](CO)C(=O)N[C@@H](CC(C)C)C(=O)N[C@@H](Cc1c[nH]c2ccccc12)C(=O)N[C@@H](CCC(O)=O)C(=O)N[C@@H](Cc1c[nH]c2ccccc12)C(=O)N[C@@H](Cc1ccccc1)C(N)=O,0.19998704884564403
12021,AZD7762,NC(=O)Nc1cc([s]c1C(=O)N[C@@H]1CNCCC1)-c1cc(F)ccc1,0.19473096068839305
10830,UK-156406,CN1Cc2cc(ccc2CC1)S(=O)(=O)N[C@@H](Cc1ccc(cc1)C(N)=N)C(=O)N1CCC(C)=C[C@@H]1C(O)=O,0.1936207773362048
9483,DIBROMPROPAMIDINE,NC(=N)c1cc(Br)c(cc1)OCCCOc1ccc(cc1Br)C(N)=N,0.18861181861827098
7029,BENZOYL-TYROSINE-ALANINE-FLUORO-METHYL KETONE,C[C@H](NC(=O)[C@H](Cc1ccc(O)cc1)NC(=O)OCc1ccccc1)C(=O)CF,0.18592746500664853
10841,UNKNOWN0,COc1cc(OCCO)c(F)c(c1)C(Nc1ccc(cc1)C(N)=N)c1[nH]c(=O)[n]([n]1)-c1[n]c[s]c1C(O)=O,0.18164474638077976
2703,PHENYLALANINE-N-SULFONAMIDE,NS(=O)(=O)N[C@@H](Cc1ccccc1)C(O)=O,0.17990182652294096
9534,GUANAZODINE,NC(=N)NCC1CCCCCCN1,0.1788510288756175
4018,4-EPI-VANCOSAMINYL DERIVATIVE OF VANCOMYCIN,CC(C)C[C@@H]([NH2+]C)C(=O)N[C@@H]1[C@H](O)c2ccc(Oc3cc4cc(Oc5ccc(cc5Cl)[C@@H](O[C@H]5C[C@](C)([NH3+])[C@@H](O)[C@H](C)O5)[C@@H]5NC(=O)[C@H](NC(=O)[C@@H]4NC(=O)[C@H](CC(N)=O)NC1=O)c1ccc(O)c(c1)-c1c(cc(O)cc1O)[C@H](NC5=O)C(O)=O)c3O[C@@H]1O[C@H](CO)[C@@H](O)[C@H](O)[C@H]1O[C@H]1C[C@](C)([NH3+])[C@@H](O)[C@H](C)O1)c(Cl)c2,0.1771981715477806
5164,(2S)-2-[3-(AMINOMETHYL)PHENYL]-3-{(S)-HYDROXY[(1R)-2-METHYL-1-{[(2-PHENYLETHYL)SULFONYL]AMINO}PROPYL]PHOSPHORYL}PROPANOIC ACID,CC(C)[C@H](NS(=O)(=O)CCc1ccccc1)[P@](O)(=O)C[C@H](C(O)=O)c1cccc(CN)c1,0.17662082443016294
5688,4-(METHYLSULFONYL)BENZENECARBOXIMIDAMIDE,CS(=O)(=O)c1ccc(cc1)C(N)=N,0.17559624364522194
6749,"N-(3,5-DIMETHOXYPHENYL)IMIDODICARBONIMIDIC DIAMIDE",COc1cc(cc(c1)OC)NC(=N)NC(N)=N,0.17127636736596455
3008,1-(2-AMIDINOPHENYL)-3-(PHENOXYPHENYL)UREA,NC(=N)c1ccc(cc1)NC(=O)Nc1ccc(cc1)Oc1ccccc1,0.16944341126492188
3677,8-(PYRIMIDIN-2-YLAMINO)NAPHTHALENE-2-CARBOXIMIDAMIDE,NC(=N)c1cc2c(cccc2cc1)Nc1[n]ccc[n]1,0.16918679172435458
10842,CARAFIBAN,CCOC(=O)C[C@H](NC(=O)CN1C(=O)[C@@](C)(NC1=O)c1ccc(cc1)C(N)=N)c1ccccc1,0.1660802699736814
5460,BX-528,CC(C)[C@H](NS(=O)(=O)CCCc1ccccc1)P(O)(=O)C[C@H](C(O)=O)c1cccc(CN)c1,0.16473499718452783
3676,N-CARBAMOYLPHENYLALANINE,NC(=O)N[C@@H](Cc1ccccc1)C(O)=O,0.1606433285003537
8621,ATECEGATRAN METOXIL,CO/N=C(\N)/c1ccc(CNC(=O)[C@@H]2CCN2C(=O)[C@H](O)c2cc(cc(Cl)c2)OC(F)F)cc1,0.1602970601602552
18041,PHENFORMIN,NC(=N)NC(=N)NCCc1ccccc1,0.15959128374768494
6764,4-({4-[(6-CHLORO-1-BENZOTHIEN-2-YL)SULFONYL]-2-OXOPIPERAZIN-1-YL}METHYL)BENZENECARBOXIMIDAMIDE,NC(=N)c1ccc(CN2CCN(CC2=O)S(=O)(=O)c2cc3ccc(Cl)cc3[s]2)cc1,0.15231802894049867
4697,VAPITADINE,NC(=O)c1c[n]c2[n]1CCc1ccccc1C12CCNCC1,0.14998855732197172
4432,LEFRADAFIBAN,COC(=O)NC(=N)c1ccc(cc1)-c1ccc(cc1)OC[C@@H]1C[C@@H](CC(=O)OC)C(=O)N1,0.14597751833015182
4934,CARIPORIDE,CC(C)c1ccc(cc1S(C)(=O)=O)C(=O)NC(N)=N,0.14488413239714537
5398,6-CARBAMIMIDOYL-4-(3-HYDROXY-2-METHYL-BENZOYLAMINO)-NAPHTHALENE-2-CARBOXYLIC ACID METHYL ESTER,Cc1c(O)cccc1C(=O)Nc1cc(cc2ccc(cc21)C(N)=N)C(=O)OC,0.14425010885629366
8110,LANINAMIVIR OCTANOATE,CC(=O)N[C@@H]1[C@H](C=C(O[C@H]1[C@H](OC)[C@H](O)COC(=O)CCCCCCC)C(O)=O)NC(N)=N,0.14384920385964967
17912,PERAMIVIR,CC(=O)N[C@H]([C@H]1[C@@H](C[C@@H]([C@H]1O)C(O)=O)NC(N)=N)C(CC)CC,0.14234846532165965
14294,ELUXADOLINE,C[C@@H](c1[nH]c(c[n]1)-c1ccccc1)N(Cc1cc(C(O)=O)c(cc1)OC)C(=O)[C@@H](N)Cc1c(C)cc(cc1C)C(N)=O,0.1403952787389169
9105,BIGUANIDE,NC(=N)NC(N)=N,0.13771916423821953
3404,N-HYDROXYGUANIDINE,NC(=N)NO,0.12819291131811317
15261,GUANIDINE,NC(N)=N,0.1279316795007838
224,METFORMIN,CN(C)C(=N)NC(N)=N,0.12624201867118726
20624,VANCOMYCIN,CC(C)C[C@@H](NC)C(=O)N[C@@H]1[C@H](O)c2ccc(Oc3cc4cc(Oc5ccc(cc5Cl)[C@@H](O)[C@@H]5NC(=O)[C@H](NC(=O)[C@@H]4NC(=O)[C@H](CC(N)=O)NC1=O)c1ccc(O)c(c1)-c1c(cc(O)cc1O)[C@H](NC5=O)C(O)=O)c3O[C@@H]1O[C@H](CO)[C@@H](O)[C@H](O)[C@H]1O[C@H]1C[C@](C)(N)[C@H](O)[C@H](C)O1)c(Cl)c2,0.11915844439911749
8284,SEMAPIMOD,C/C(=N\NC(N)=N)/c1cc(cc(c1)/C(/C)=N/NC(N)=N)NC(=O)CCCCCCCCC(=O)Nc1cc(cc(c1)/C(/C)=N/NC(N)=N)/C(/C)=N/NC(N)=N,0.11592514899520166
13505,CREATINOL-PHOSPHATE,CN(CCOP(O)(O)=O)C(N)=N,0.11341008543444753
3648,PHENYLALANYLAMIDE,NC(=O)[C@@H](N)Cc1ccccc1,0.11308505443881593
2166,RU90395,CC(=O)N[C@@H](Cc1ccc(c(c1)C(=O)OC)C(F)(C(O)=O)C(O)=O)C(=O)N[C@H]1CCCCN(Cc2ccc(cc2)-c2ccccc2)C1=O,0.11017132687312142
9157,PLECANATIDE,C[C@@H](O)[C@@H]1NC(=O)[C@@H]2CSSC[C@H](NC(=O)[C@H](CCC(O)=O)NC(=O)[C@H](CC(O)=O)NC(=O)[C@@H](N)CC(N)=O)C(=O)N[C@@H](CCC(O)=O)C(=O)N[C@@H](CC(C)C)C(=O)N[C@@H](CSSC[C@H](NC(=O)CNC1=O)C(=O)N[C@@H](CC(C)C)C(O)=O)C(=O)N[C@@H](C(C)C)C(=O)N[C@@H](CC(N)=O)C(=O)N[C@@H](C(C)C)C(=O)N[C@@H](C)C(=O)N2,0.10981474937080637
8652,SAMIDORPHAN,NC(=O)c1ccc2C[C@H]3N(CC4CC4)CC[C@@]4(CC(=O)CC[C@]43O)c2c1O,0.10446283753715653
9256,PROPAMIDINE,NC(=N)c1ccc(cc1)OCCCOc1ccc(cc1)C(N)=N,0.10002693145252213
10504,METHYLSAMIDORPHAN,C[N@+]1(CC2CC2)CC[C@]23CC(=O)CC[C@@]2(O)[C@H]1Cc1ccc(C(N)=O)c(O)c31,0.09964168204373693
2681,CRA_10972,CC(C)COc1cccc(c1O)-c1[nH]c2cc(Cl)c(cc2[n]1)C(N)=N,0.09933464647657388
4938,FRADAFIBAN,NC(=N)c1ccc(cc1)-c1ccc(cc1)OC[C@@H]1C[C@@H](CC(O)=O)C(=O)N1,0.0962972974159085
13950,DIHYDROSTREPTOMYCIN,CC1O[C@@H](O[C@@H]2[C@@H](NC(N)=N)[C@H](O)[C@@H](NC(N)=N)[C@H](O)[C@H]2O)C(OC2OC(CO)C(O)C(O)[C@@H]2NC)[C@@]1(O)CO,0.09486873873814446
8021,NRX-1074,C[C@@H](O)[C@H](N)C(=O)N1CCC[C@H]1C(=O)N1CCC[C@@]1(Cc1ccccc1)C(=O)N[C@@H]([C@@H](C)O)C(N)=O,0.09283688979772256
15645,IOBENGUANE,NC(=N)NCc1cccc(I)c1,0.08400659810131078
17897,PENTAGASTRIN,CC(C)(C)OC(=O)NCCC(=O)N[C@@H](Cc1c[nH]c2ccccc12)C(=O)N[C@@H](CCSC)C(=O)N[C@@H](CC(O)=O)C(=O)N[C@@H](Cc1ccccc1)C(N)=O,0.0831046986664778
9179,GUANOXAN,NC(=N)NCC1COc2ccccc2O1,0.08272603562406847
13213,CILENGITIDE,CC(C)[C@H]1C(=O)N[C@@H](CCCNC(N)=N)C(=O)NCC(=O)N[C@@H](CC(O)=O)C(=O)N[C@H](Cc2ccccc2)C(=O)N1C,0.07897141642096277
5400,6-[(Z)-AMINO(IMINO)METHYL]-N-[3-(CYCLOPENTYLOXY)PHENYL]-2-NAPHTHAMIDE,NC(=N)c1cc2ccc(cc2cc1)C(=O)Nc1cc(ccc1)OC1CCCC1,0.07569775412752772
4020,VERPACAMIDE A,NC(=N)NCCC[C@@H]1NC(=O)[C@@H]2CCCN2C1=O,0.07509821721879105
4360,"2,5-BIS-O-{3-[AMINO(IMINO)METHYL]PHENYL}-1,4:3,6-DIANHYDRO-D-GLUCITOL",NC(=N)c1cc(ccc1)O[C@@H]1CO[C@H]2[C@@H]1OC[C@@H]2Oc1cc(ccc1)C(N)=N,0.07467210433011533
954,STREPTOMYCIN,C[C@@H]1O[C@@H](O[C@@H]2[C@@H](NC(N)=N)[C@H](O)[C@@H](NC(N)=N)[C@H](O)[C@H]2O)[C@H](O[C@@H]2O[C@@H](CO)[C@H](O)[C@@H](O)[C@@H]2NC)[C@@]1(O)C=O,0.0732994619745715
10912,1400W,CC(=N)NCc1cc(CN)ccc1,0.07281778016579683
2851,CRA_10433,NC(=[NH2+])c1cc2cc([nH]c2cc1)-c1cccc(OC2CCCC2)c1[O-],0.07088704115412411
3624,{4-[(2S)-2-ACETAMIDO-3-({(1S)-1-[3-CARBAMOYL-4-(CYCLOHEXYLMETHOXY)PHENYL]ETHYL}AMINO)-3-OXOPROPYL]-2-PHOSPHONOPHENOXY}ACETIC ACID,CC(=O)N[C@@H](Cc1ccc(OCC(O)=O)c(c1)P(O)(O)=O)C(=O)N[C@@H](C)c1ccc(OCC2CCCCC2)c(c1)C(N)=O,0.07014680453731968
5457,D-PHENYLALANYL-N-(3-METHYLBENZYL)-L-PROLINAMIDE,Cc1cc(CNC(=O)[C@@H]2CCCN2C(=O)[C@H](N)Cc2ccccc2)ccc1,0.06406678096183378
2311,SE-ETHYL-ISOSELENOUREA,CC[Se]C(N)=N,0.06369553494581547
15264,GUANIDINOPROPIONIC-ACID,NC(N)=NCCC(O)=O,0.062329994724191505
3707,APSTATIN,C[C@H](NC(=O)[C@@H]1CCCN1C(=O)[C@@H]1CCCN1C(=O)[C@@H](O)[C@H](N)Cc1ccccc1)C(N)=O,0.06143552623303752
3351,4-CARBAMOYL-4-{[6-(DIFLUORO-PHOSPHONO-METHYL)-NAPHTHALENE-2-CARBONYL]-AMINO}-BUTYRIC ACID,NC(=O)[C@H](CCC(O)=O)NC(=O)c1cc2ccc(cc2cc1)C(F)(F)P(O)(O)=O,0.060182203117701435
5186,N-ALLYL-5-AMIDINOAMINOOXY-PROPYLOXY-3-CHLORO-N-CYCLOPENTYLBENZAMIDE,C=CCN(C1CCCC1)C(=O)c1cc(Cl)cc(c1)OCCCONC(N)=N,0.05879081029942901
17370,NOVOBIOCIN,CC(C)=CCc1cc(ccc1O)C(=O)Nc1c(=O)oc2c(ccc(O[C@@H]3OC(C)(C)[C@H](OC)[C@@H](OC(N)=O)[C@H]3O)c2C)c1O,0.055932291396132136
16169,LINACLOTIDE,C[C@@H](O)C1NC(=O)[C@@H]2CSSC[C@@H]3NC(=O)[C@@H](N)CSSC[C@H](NC(=O)[C@H](CSSC[C@H](NC(=O)CNC1=O)C(=O)N[C@@H](Cc1ccc(O)cc1)C(O)=O)NC(=O)[C@H](Cc1ccc(O)cc1)NC(=O)[C@H](CCC(O)=O)NC3=O)C(=O)N[C@@H](CC(N)=O)C(=O)N1CCC[C@H]1C(=O)N[C@@H](C)C(=O)N2,0.05546143874928726
20925,ZALTIDINE,Cc1[nH]c(c[n]1)-c1c[s]c(NC(N)=N)[n]1,0.051885672502804174
10866,TAK-029,COC(=O)C[C@H]1C(=O)N(CC(O)=O)CCN1C(=O)CNC(=O)c1ccc(cc1)C(N)=N,0.04688071060350369
621,PENTAMIDINE,NC(=N)c1ccc(cc1)OCCCCCOc1ccc(cc1)C(N)=N,0.04618402941995229
3438,HEXAMIDINE,NC(=N)c1ccc(cc1)OCCCCCCOc1ccc(cc1)C(N)=N,0.04618402941995229
10824,LB-30870,NC(=N)c1ccc(CNC(=O)[C@@H]2CCCN2C(=O)[C@H](NCC(O)=O)C(c2ccccc2)c2ccccc2)[s]1,0.04538667365554753
5346,3-HYDROXYPROPYL 3-[(7-CARBAMIMIDOYL-1-NAPHTHYL)CARBAMOYL]BENZENESULFONATE,NC(=N)c1cc2c(cccc2cc1)NC(=O)c1cc(ccc1)S(=O)(=O)OCCCO,0.03454615876188877
3208,4-[[(2S)-1-[[6-[(1-AMINO-1-OXO-3-SULFANYLPROPAN-2-YL)AMINO]-6-OXOHEXYL]AMINO]-3-[4-[DIFLUORO(PHOSPHONO)METHYL]PHENYL]-1-OXOPROPAN-2-YL]AMINO]-3-[[2-[4-[DIFLUORO(PHOSPHONO)METHYL]PHENYL]ACETYL]AMINO]-4-OXOBUTANOIC ACID,NC(=O)C(CS)NC(=O)CCCCCNC(=O)[C@H](Cc1ccc(cc1)C(F)(F)P(O)(O)=O)NC(=O)C(CC(O)=O)NC(=O)Cc1ccc(cc1)C(F)(F)P(O)(O)=O,0.03307828406503192
7561,IOBENGUANE SULFATE I-123,NC(=N)NCc1cc([123I])ccc1.NC(=N)NCc1cc([123I])ccc1.OS(O)(=O)=O,0.030011471026539296
10814,BMS-262084,CC(C)(C)NC(=O)N1CCN(CC1)C(=O)N1[C@@H]([C@@H](CCCN=C(N)N)C1=O)C(O)=O,0.02673090985269998
3873,CYCLOTHEONAMIDE A,NC(=N)NCCC[C@@H]1NC(=O)[C@@H]2CCCN2C(=O)[C@H](CNC(=O)C=C[C@H](Cc2ccc(O)cc2)NC(=O)[C@@H](Cc2ccccc2)NC(=O)C1=O)NC=O |t:24|,0.024659188244726935
3936,1-(4-AMIDINOPHENYL)-3-(4-CHLOROPHENYL)UREA,NC(=N)c1ccc(cc1)NC(=O)Nc1ccc(Cl)cc1,0.020788352816343725
2103,CRA_10762,NC(=N)c1cc2[n]c([nH]c2cc1Cl)-c1cccc(c1O)-c1ccccc1,0.019087666727034932
6462,"5-CHLORO-N-((1R,2S)-2-(4-(2-OXOPYRIDIN-1(2H)-YL)BENZAMIDO) CYCLOPENTYL)THIOPHENE-2-CARBOXAMIDE",O=C1C=CC=CN1c1ccc(cc1)C(=O)N[C@H]1CCC[C@H]1NC(=O)c1ccc(Cl)[s]1,0.014135191277686573
15838,JTE-607,CN1CCN(CCOc2c(Cl)cc(c(O)c2Cl)C(=O)N[C@@H](Cc2ccccc2)C(=O)OCC)CC1,0.010607043127880567
3379,"CP403700, (S)-1-{2-[(5-CHLORO-1H-INDOLE-2-CARBONYL)-AMINO]-3-PHENYL-PROPIONYL}-AZETIDINE-3-CARBOXYLATE",OC(=O)C1CN(C1)C(=O)[C@H](Cc1ccccc1)NC(=O)c1cc2cc(Cl)ccc2[nH]1,0.009313396365436774
3739,N-ALPHA-(2-NAPHTHYLSULFONYL)-N(3-AMIDINO-L-PHENYLALANINYL)-4-ACETYL-PIPERAZINE,CC(=O)N1CCN(CC1)C(=O)[C@H](Cc1cc(ccc1)C(N)=N)NS(=O)(=O)c1cc2ccccc2cc1,0.006693148048893613
6756,3-({4-[(6-CHLORO-1-BENZOTHIEN-2-YL)SULFONYL]-2-OXOPIPERAZIN-1-YL}METHYL)BENZENECARBOXIMIDAMIDE,NC(=N)c1cc(CN2CCN(CC2=O)S(=O)(=O)c2cc3ccc(Cl)cc3[s]2)ccc1,0.002203205040945885
6414,"3-{[4-([AMINO(IMINO)METHYL]AMINOSULFONYL)ANILINO]METHYLENE}-2-OXO-2,3-DIHYDRO-1H-INDOLE",NC(=N)NS(=O)(=O)c1ccc(cc1)N/C=C1/c2ccccc2NC/1=O,-0.00034363391385221155
6517,"[5-(5-AMINO-1H-PYRROLO[3,2-B]PYRIDIN-2-YL)-6-HYDROXY-3'-NITRO-3-BIPHENYLYL]ACETIC ACID",Nc1ccc2[nH]c(cc2[n]1)-c1cc(CC(O)=O)cc(-c2cc(ccc2)[N+]([O-])=O)c1O,-0.003945807274491802
20863,XL888,Cc1cc(C(N)=O)c(cc1C(=O)NC1CC2CCC(C1)N2c1ccc(c[n]1)C(=O)C1CC1)N[C@H](C)CC,-0.003977020519899515
20930,ZANAMIVIR,CC(=O)N[C@H]1[C@@H](OC(=C[C@@H]1NC(N)=N)C(O)=O)[C@H](O)[C@H](O)CO,-0.010666115554973689
6170,"5-CHLORO-THIOPHENE-2-CARBOXYLIC ACID ((3S,4S)-1-{[2-FLUORO-4-(2-OXO-2H-PYRIDIN-1-YL)-PHENYLCARBAMOYL]-METHYL}-4-HYDROXY-PYRROLIDIN-3-YL)-AMIDE",O[C@H]1CN(C[C@@H]1NC(=O)c1ccc(Cl)[s]1)CC(=O)Nc1ccc(cc1F)N1C=CC=CC1=O,-0.020311029825385615
8898,LY-377604,CC(C)(Cc1ccc(cc1)Oc1ccc(c[n]1)C(N)=O)NC[C@H](O)COc1cccc2[nH]c3ccccc3c12,-0.020749205443476183
13502,CREATINE,CN(CC(O)=O)C(N)=N,-0.03350709061939211
3725,BALHIMYCIN,CC(C)CC(NC)C(=O)NC1C(O)c2ccc(Oc3cc4cc(Oc5ccc(cc5Cl)C(OC5CC(C)(N)C(=O)C(C)O5)C5NC(=O)C(NC(=O)C4NC(=O)C(CC(N)=O)NC1=O)c1ccc(O)c(c1)-c1c(cc(O)cc1O)C(NC5=O)C(O)=O)c3OC1OC(CO)C(O)C(O)C1O)c(Cl)c2,-0.03433835414196495
17365,NORVANCOMYCIN,CC(C)CC(N)C(=O)NC1C(O)c2ccc(Oc3cc4cc(Oc5ccc(cc5Cl)C(O)C5NC(=O)C(NC(=O)C4NC(=O)C(CC(N)=O)NC1=O)c1ccc(O)c(c1)-c1c(cc(O)cc1O)C(NC5=O)C(O)=O)c3OC1OC(CO)C(O)C(O)C1OC1CC(C)(N)C(O)C(C)O1)c(Cl)c2,-0.0354035807107637
10816,PCI-27483,NC(=N)c1cc2[nH]c([n]c2cc1)-c1cc(CC(=O)N[C@@H](CC(O)=O)C(O)=O)cc(-c2cc(ccc2O)S(N)(=O)=O)c1O,-0.03910215653418791
10835,KFA-1982,CS(=O)(=O)c1ccccc1-c1cc(OCC(=O)OCCCC)c(CCNS(=O)(=O)c2cc(ccc2O)/C(/N)=N\O)cc1,-0.04279976710253783
10832,CI-1028,CN(C1CCCC1)C(=O)[C@H](Cc1ccc(cc1)/C(/N)=N/N)NS(=O)(=O)c1ccc2ccccc2c1,-0.050204963786727876
8665,EC-17,NC(=O)CC[C@@H](C(O)=O)N(CCNC(=S)Nc1cc2c(cc1)C1(OC2=O)c2ccc(O)cc2Oc2cc(O)ccc12)C(=O)c1ccc(cc1)NCc1c[n]c2N=C(N)NC(=O)c2[n]1,-0.0557585570984942
10867,"VLA-4 ANTAGONISTS, AVENTIS",CN([C@@H](CC(O)=O)C(=O)N[C@H](C(O)=O)c1ccccc1)C(=O)CN1C(=O)C(C)(c2ccc(cc2)C(N)=N)N(Cc2ccc(cc2)-c2ccccc2)C1=O,-0.05576297250261953
6461,5-CHLORO-N-(2-(4-(2-OXOPYRIDIN-1(2H)-YL)BENZAMIDO)ETHYL)THIOPHENE-2-CARBOXAMIDE,O=C1C=CC=CN1c1ccc(cc1)C(=O)NCCNC(=O)c1ccc(Cl)[s]1,-0.05782652912541275
4142,CRA_9678,NC(=N)c1cc2cc([nH]c2cc1)-c1cc(CC([O-])=O)cc(Br)c1O,-0.06363165036060686
10856,T-250,NC(=N)c1ccc(cc1)OCCCN1CCN([C@@H](CC(O)=O)c2ccccc2)C(=O)C1=O,-0.06422046564053285
6471,2-(2-METHYLPHENYL)-1H-INDOLE-5-CARBOXIMIDAMIDE,Cc1ccccc1-c1cc2cc(ccc2[nH]1)C(N)=N,-0.07286255498471216
6431,"5-CHLORO-THIOPHENE-2-CARBOXYLIC ACID ((3S,4S)-4-FLUORO- 1-{[2-FLUORO-4-(2-OXO-2H-PYRIDIN-1-YL)-PHENYLCARBAMOYL]-METHYL}-PYRROLIDIN-3-YL)-AMIDE",O=C1C=CC=CN1c1cc(F)c(cc1)NC(=O)CN1C[C@H](NC(=O)c2ccc(Cl)[s]2)[C@@H](F)C1,-0.07339188468360539
5329,D-PHENYLALANYL-N-{4-[AMINO(IMINIO)METHYL]BENZYL}-L-PROLINAMIDE,NC(=[NH2+])c1ccc(CNC(=O)[C@@H]2CCCN2C(=O)[C@H](N)Cc2ccccc2)cc1,-0.07399392558157572
8850,LANINAMIVIR,CC(=O)N[C@@H]1[C@H](C=C(O[C@H]1[C@H](OC)[C@H](O)CO)C(O)=O)NC(N)=N,-0.07604606549550418
3723,"[4-(1,3,2-DIOXABOROLAN-2-YLOXY)METHYL]BENZAMIDINE",NC(=[NH2+])c1ccc(COB2OCCO2)cc1,-0.07638985658117393
3136,TRANS-6-(2-PHENYLCYCLOPROPYL)-NAPHTHALENE-2-CARBOXAMIDINE,NC(=N)c1cc2ccc(cc2cc1)[C@@H]1C[C@H]1c1ccccc1,-0.07651485506563377
2194,2-(2-HYDROXY-PHENYL)-1H-INDOLE-5-CARBOXAMIDINE,NC(=[NH2+])c1cc2cc([nH]c2cc1)-c1ccccc1O,-0.07738643855885485
2047,N-(1-CARBOXY-3-PHENYLPROPYL)PHENYLALANYL-ALPHA-ASPARAGINE,NC(=O)[C@H](CC(O)=O)NC(=O)[C@H](Cc1ccccc1)N[C@@H](CCc1ccccc1)C(O)=O,-0.08023148284400085
10646,TALLIMUSTINE,C[n]1cc(cc1C(=O)NCCC(N)=N)NC(=O)c1cc(c[n]1C)NC(=O)c1cc(c[n]1C)NC(=O)c1ccc(cc1)N(CCCl)CCCl,-0.08409848045136098
6537,NAM NAPTHYLAMINOALANINE,NC(=O)[C@@H](N)Cc1cccc2ccccc21,-0.08516597042264892
11024,4-CHLOROPHENYLGUANIDINE,NC(=N)Nc1ccc(Cl)cc1,-0.08623642864096913
5583,1-{[N-(1-IMINO-GUANIDINO-METHYL)]SULFANYLMETHYL}-3-TRIFLUOROMETHYL-BENZENE,NC(=N)NC(=N)SCc1cc(ccc1)C(F)(F)F,-0.08862063125442397
6696,[PHENYLALANINYL-PROLINYL]-[2-(PYRIDIN-4-YLAMINO)-ETHYL]-AMINE,N[C@H](Cc1ccccc1)C(=O)N1CCC[C@H]1C(=O)NCCNc1cc[n]cc1,-0.08936004269505876
6702,N-({(2S)-1-[(3R)-3-AMINO-4-(3-CHLOROPHENYL)BUTANOYL]PYRROLIDIN-2-YL}METHYL)-3-(METHYLSULFONYL)BENZAMIDE,CS(=O)(=O)c1cccc(c1)C(=O)NC[C@@H]1CCCN1C(=O)C[C@H](N)Cc1cccc(Cl)c1,-0.09403518661239023
14179,DU-728,NC(=N)NCCC[C@H](N)C(=O)NCC(=O)N[C@@H](CC(O)=O)C(=O)N[C@@H](CO)C(O)=O,-0.09540546992776758
14406,EPTIFIBATIDE,NC(=O)C1CSSCCC(=O)NC(CCCCNC(N)=N)C(=O)NCC(=O)NC(CC(O)=O)C(=O)NC(Cc2c[nH]c3ccccc23)C(=O)N2CCCC2C(=O)N1,-0.09856353145415397
7,DAPTOMYCIN,CCCCCCCCCC(=O)N[C@@H](Cc1c[nH]c2ccccc12)C(=O)N[C@H](CC(N)=O)C(=O)N[C@@H](CC(O)=O)C(=O)N[C@H]1[C@@H](C)OC(=O)[C@H](CC(=O)c2ccccc2N)NC(=O)[C@@H](NC(=O)[C@@H](CO)NC(=O)CNC(=O)[C@H](CC(O)=O)NC(=O)[C@@H](C)NC(=O)[C@H](CC(O)=O)NC(=O)[C@H](CCCN)NC(=O)CNC1=O)[C@H](C)CC(O)=O,-0.10150224288635921
19933,TELOTRISTAT-ETHYL,Cc1cc[n]([n]1)-c1cc(Cl)ccc1[C@@H](Oc1cc([n]c(N)[n]1)-c1ccc(C[C@H](N)C(=O)OCC)cc1)C(F)(F)F,-0.10787057207146775
8305,AVORALSTAT,COc1cc(c(cc1C=C)C(=O)Nc1ccc(cc1)C(N)=N)-c1ccc([n]c1C(O)=O)C(=O)NCC1CC1,-0.11024196450062845
9015,BRILACIDIN,NC(=N)NCCCCC(=O)Nc1cc(cc(NC(=O)c2cc([n]c[n]2)C(=O)Nc2cc(cc(NC(=O)CCCCNC(N)=N)c2O[C@H]2CNCC2)C(F)(F)F)c1O[C@H]1CNCC1)C(F)(F)F,-0.11529971465041822
1740,6-(N-PHENYLCARBAMYL)-2-NAPHTHALENECARBOXAMIDINE,NC(=N)c1cc2ccc(cc2cc1)C(=O)Nc1ccccc1,-0.12054208153916783
5255,"N-[AMINO(IMINO)METHYL]-2-(2,5-DIPHENYL-1H-PYRROL-1-YL)ACETAMIDE",NC(=N)NC(=O)C[n]1c(ccc1-c1ccccc1)-c1ccccc1,-0.1233493294279745
3161,"4-ACETYL-4-GUANIDINO-6-METHYL(PROPYL)CARBOXAMIDE-4,5-DIHYDRO-2H-PYRAN-2-CARBOXYLIC ACID",CC(=O)N[C@@H]1[C@H](C=C(O[C@H]1C(=O)N(C)CCC)C(O)=O)NC(N)=N,-0.12435335947261801
5550,"3-{5-[AMINO(IMINIO)METHYL]-1H-INDOL-2-YL}-5-METHOXY-1,1'-BIPHENYL-2-OLATE",COc1cc(c([O-])c(c1)-c1ccccc1)-c1cc2cc(ccc2[nH]1)C(N)=[NH2+],-0.12908445446260436
5243,2-(2-METHYLPHENYL)-1H-INDOLE-6-CARBOXIMIDAMIDE,Cc1ccccc1-c1cc2ccc(cc2[nH]1)C(N)=N,-0.13342006230795317
2417,"6-[N-(1-ISOPROPYL-1,2,3,4-TETRAHYDRO-7-ISOQUINOLINYL)CARBAMYL]-2-NAPHTHALENECARBOXAMIDINE",CC(C)[C@@H]1NCCc2ccc(cc21)NC(=O)c1ccc2cc(ccc2c1)C(N)=N,-0.13344319899716728
10845,SC 52012,NC(=N)c1ccc(CCCCC(=O)N[C@@H](CC(O)=O)C(=O)N[C@@H](Cc2ccccc2)C(O)=O)cc1,-0.14165156857835023
4019,ZK-805623,Cc1c(F)c([nH+]c(Oc2cc(ccc2)C(N)=N)c1F)Oc1cc(ccc1)C(N)=N,-0.1425745688585933
5568,"[2'-HYDROXY-3'-(1H-PYRROLO[3,2-C]PYRIDIN-2-YL)-BIPHENYL-3-YLMETHYL]-UREA",NC(=O)NCc1cc(ccc1)-c1cccc(c1O)-c1cc2c[n]ccc2[nH]1,-0.14600566005675406
2837,CRA_8696,NC(=[NH2+])c1cc2cc([nH]c2cc1)-c1cccc(c1[O-])-c1ccccc1,-0.15256402054850882
10858,RO-43-8857,CN(CC(=O)c1cc(OCC(O)=O)c(cc1)OCC(O)=O)C(=O)c1ccc(cc1)C(N)=N,-0.15784016519884575
10836,RO-43-5054,NC(=N)c1ccc(cc1)C(=O)NCCC(=O)N[C@@H](CC(O)=O)C(=O)N[C@@H](Cc1ccccc1)C(O)=O,-0.18015367470180926
5467,D-PHENYLALANYL-N-BENZYL-L-PROLINAMIDE,N[C@H](Cc1ccccc1)C(=O)N1CCC[C@H]1C(=O)NCc1ccccc1,-0.18181392668974092
2204,"6-[N-(1-ISOPROPYL-3,4-DIHYDRO-7-ISOQUINOLINYL)CARBAMYL]-2-NAPHTHALENECARBOXAMIDINE",CC(C)C1=NCCc2ccc(cc21)NC(=O)c1cc2ccc(cc2cc1)C(N)=N,-0.1821632808544763
3845,N-ALPHA-(2-NAPHTHYLSULFONYL)-N-(3-AMIDINO-L-PHENYLALANINYL)-D-PIPECOLINIC ACID,NC(=N)c1cc(C[C@H](NS(=O)(=O)c2cc3ccccc3cc2)C(=O)N2CCCC[C@@H]2C(O)=O)ccc1,-0.18219276630740575
2765,"[N-[N-(4-METHOXY-2,3,6-TRIMETHYLPHENYLSULFONYL)-L-ASPARTYL]-D-(4-AMIDINO-PHENYLALANYL)]-PIPERIDINE",COc1cc(C)c(c(C)c1C)S(=O)(=O)N[C@@H](CC(O)=O)C(=O)N[C@H](Cc1ccc(cc1)C(N)=N)C(=O)N1CCCCC1,-0.18304796278560423
19932,TELOTRISTAT,Cc1cc[n]([n]1)-c1cc(Cl)ccc1[C@@H](Oc1cc([n]c(N)[n]1)-c1ccc(C[C@H](N)C(O)=O)cc1)C(F)(F)F,-0.1859123308754899
5248,2-(3-METHYLPHENYL)-1H-INDOLE-5-CARBOXIMIDAMIDE,Cc1cc(ccc1)-c1cc2cc(ccc2[nH]1)C(N)=N,-0.18662440259216814
10787,FIDEXABAN,CN(CC(O)=O)c1c(F)c([n]c(Oc2cc(ccc2O)C(N)=N)c1F)Oc1cc(ccc1)C1=NCCN1C,-0.18909724528263702
5351,D-PHENYLALANYL-N-(3-FLUOROBENZYL)-L-PROLINAMIDE,N[C@H](Cc1ccccc1)C(=O)N1CCC[C@H]1C(=O)NCc1cc(F)ccc1,-0.1957309739023633
10864,FR-158999,CC(C)[C@H](NC(=O)[C@H](CC(O)=O)NC(=O)CCCOc1ccc(cc1)C(N)=N)C(=O)N1CCS(=O)(=O)CC1,-0.19822249231524874
1551,CRA_10991,NC(=[NH2+])c1cc2cc([nH]c2cc1Cl)-c1cccc(OC2CCCC2)c1[O-],-0.2146278756052347
10828,NAPSAGATRAN,NC(=N)N1C[C@H](CNC(=O)C[C@H](NS(=O)(=O)c2cc3ccccc3cc2)C(=O)N(CC(O)=O)C2CC2)CCC1,-0.22419040080429709
13489,CPI-0610,Cc1[n]oc2[C@H](CC(N)=O)N=C(c3ccccc3-c21)c1ccc(Cl)cc1,-0.22916690959104424
6694,1-{[1-(2-AMINO-3-PHENYL-PROPIONYL)-PYRROLIDINE-2-CARBONYL]-AMINO}-2-(3-CYANO-PHENYL)-ETHANEBORONIC ACID,N[C@H](Cc1ccccc1)C(=O)N1CCC[C@H]1C(=O)N[C@@H](Cc1cc(ccc1)C#N)B(O)O,-0.23281098920836663
5534,N-(7-CARBAMIMIDOYL-NAPHTHALEN-1-YL)-3-HYDROXY-2-METHYL-BENZAMIDE,Cc1c(O)cccc1C(=O)Nc1cccc2ccc(cc21)C(N)=N,-0.2686872085665
10818,NOKXABAN,O=C1O[C@@H](CNC(=O)c2ccc(Cl)[s]2)CN1c1ccc(cc1)N1CCN=CN1,-0.28934300981111977
5244,D-PHENYLALANYL-N-(3-CHLOROBENZYL)-L-PROLINAMIDE,N[C@H](Cc1ccccc1)C(=O)N1CCC[C@H]1C(=O)NCc1cc(Cl)ccc1,-0.29222793596388696
16150,LGX818,CC(C)[n]1cc(-c2cc[n]c(NCC(C)NC(=O)OC)[n]2)c([n]1)-c1cc(Cl)cc(NS(C)(=O)=O)c1F,-0.2928924874135195
1521,"NALPHA-(2-NAPHTHYLSULFONYLGLYCYL)-3-AMIDINO-D,L-PHENYLALANINE-ISOPROPYLESTER",Cc1ccc(cc1)S(=O)(=O)NCC(=O)N[C@@H](Cc1cc(ccc1)C(N)=N)C(=O)OC,-0.33905656363789693
3494,6-CHLORO-2-(2-HYDROXY-BIPHENYL-3-YL)-1H-INDOLE-5-CARBOXAMIDINE,NC(=[NH2+])c1cc2cc([nH]c2cc1Cl)-c1cccc(c1O)-c1ccccc1,-0.34117126705370987
2733,7-METHOXY-8-[1-(METHYLSULFONYL)-1H-PYRAZOL-4-YL]NAPHTHALENE-2-CARBOXIMIDAMIDE,COc1ccc2ccc(cc2c1-c1c[n][n](c1)S(C)(=O)=O)C(N)=N,-0.34998678196260125
10834,KFA-1829,CS(=O)(=O)c1ccccc1-c1ccc(CCNS(=O)(=O)c2cc(ccc2O)C(N)=N)c(c1)OCC(O)=O,-0.3681460836978794
18839,RIVAROXABAN,O=C1COCCN1c1ccc(cc1)N1C[C@H](CNC(=O)c2ccc(Cl)[s]2)OC1=O,-0.39810603004131356
5184,N-(4-CARBAMIMIDOYL-3-CHORO-PHENYL)-2-HYDROXY-3-IODO-5-METHYL-BENZAMIDE,Cc1cc(c(O)c(I)c1)C(=O)Nc1cc(Cl)c(cc1)C(N)=N,-0.4449056599365692
